#
# There is insufficient memory for the Java Runtime Environment to continue.
# Native memory allocation (malloc) failed to allocate 1069216 bytes. Error detail: Chunk::new
# Possible reasons:
#   The system is out of physical RAM or swap space
#   This process is running with CompressedOops enabled, and the Java Heap may be blocking the growth of the native heap
# Possible solutions:
#   Reduce memory load on the system
#   Increase physical memory or swap space
#   Check if swap backing store is full
#   Decrease Java heap size (-Xmx/-Xms)
#   Decrease number of Java threads
#   Decrease Java thread stack sizes (-Xss)
#   Set larger code cache with -XX:ReservedCodeCacheSize=
#   JVM is running with Unscaled Compressed Oops mode in which the Java heap is
#     placed in the first 4GB address space. The Java Heap base address is the
#     maximum limit for the native heap growth. Please use -XX:HeapBaseMinAddress
#     to set the Java Heap base and to place the Java Heap above 4GB virtual address.
# This output file may be truncated or incomplete.
#
#  Out of Memory Error (arena.cpp:191), pid=24972, tid=3836
#
# JRE version: OpenJDK Runtime Environment Microsoft-13106358 (17.0.18+8) (build 17.0.18+8-LTS)
# Java VM: OpenJDK 64-Bit Server VM Microsoft-13106358 (17.0.18+8-LTS, mixed mode, sharing, tiered, compressed oops, compressed class ptrs, g1 gc, windows-amd64)
# No core dump will be written. Minidumps are not enabled by default on client versions of Windows
#

---------------  S U M M A R Y ------------

Command Line: -XX:MaxMetaspaceSize=512m --add-opens=java.base/java.util=ALL-UNNAMED --add-opens=java.base/java.lang=ALL-UNNAMED --add-opens=java.base/java.lang.invoke=ALL-UNNAMED --add-opens=java.prefs/java.util.prefs=ALL-UNNAMED --add-opens=java.base/java.nio.charset=ALL-UNNAMED --add-opens=java.base/java.net=ALL-UNNAMED --add-opens=java.base/java.util.concurrent.atomic=ALL-UNNAMED -Xmx2048m -Dfile.encoding=windows-1252 -Duser.country=CR -Duser.language=es -Duser.variant -javaagent:C:\Users\Frank\.gradle\wrapper\dists\gradle-8.3-all\6en3ugtfdg5xnpx44z4qbwgas\gradle-8.3\lib\agents\gradle-instrumentation-agent-8.3.jar org.gradle.launcher.daemon.bootstrap.GradleDaemon 8.3

Host: Intel(R) Core(TM) i3-1005G1 CPU @ 1.20GHz, 4 cores, 7G,  Windows 11 , 64 bit Build 26100 (10.0.26100.8246)
Time: Sun Apr 26 21:45:48 2026 Hora estándar, América Central elapsed time: 1255.007584 seconds (0d 0h 20m 55s)

---------------  T H R E A D  ---------------

Current thread (0x000001f43f525160):  JavaThread "C2 CompilerThread0" daemon [_thread_in_native, id=3836, stack(0x0000004287b00000,0x0000004287c00000)]


Current CompileTask:
C2:1255007 29016       4       com.android.tools.r8.ir.optimize.F::r (827 bytes)

Stack: [0x0000004287b00000,0x0000004287c00000]
Native frames: (J=compiled Java code, j=interpreted, Vv=VM code, C=native code)
V  [jvm.dll+0x68c879]  (no source info available)
V  [jvm.dll+0x845979]  (no source info available)
V  [jvm.dll+0x8476e8]  (no source info available)
V  [jvm.dll+0x847d73]  (no source info available)
V  [jvm.dll+0x24cf6f]  (no source info available)
V  [jvm.dll+0xaecb6]  (no source info available)
V  [jvm.dll+0xaf35c]  (no source info available)
V  [jvm.dll+0x2b4b8f]  (no source info available)
V  [jvm.dll+0x5948a4]  (no source info available)
V  [jvm.dll+0x226d84]  (no source info available)
V  [jvm.dll+0x22718d]  (no source info available)
V  [jvm.dll+0x220193]  (no source info available)
V  [jvm.dll+0x21d260]  (no source info available)
V  [jvm.dll+0x1a8ce6]  (no source info available)
V  [jvm.dll+0x22db1b]  (no source info available)
V  [jvm.dll+0x22bca6]  (no source info available)
V  [jvm.dll+0x7fbabb]  (no source info available)
V  [jvm.dll+0x7f5ebc]  (no source info available)
V  [jvm.dll+0x68de17]  (no source info available)
C  [ucrtbase.dll+0x37b0]  (no source info available)
C  [KERNEL32.DLL+0x2e8d7]  (no source info available)
C  [ntdll.dll+0x8c3fc]  (no source info available)


---------------  P R O C E S S  ---------------

Threads class SMR info:
_java_thread_list=0x000001f46b714210, length=106, elements={
0x000001f4218e3c30, 0x000001f43f506430, 0x000001f43f507a70, 0x000001f43f522af0,
0x000001f43f5233c0, 0x000001f43f523c90, 0x000001f43f524560, 0x000001f43f525160,
0x000001f43f528830, 0x000001f43f57e8f0, 0x000001f43f4ede40, 0x000001f43f751320,
0x000001f45fe20160, 0x000001f45fb1bdd0, 0x000001f45f740940, 0x000001f4602b29b0,
0x000001f4602b2e90, 0x000001f45fb1a7b0, 0x000001f43f7a3390, 0x000001f4604a2c80,
0x000001f46049fef0, 0x000001f4604a0e20, 0x000001f4604a1d50, 0x000001f4604a2770,
0x000001f4604a0400, 0x000001f4604a3190, 0x000001f4604a0910, 0x000001f46088d5e0,
0x000001f46088ea20, 0x000001f46088f950, 0x000001f46088fe60, 0x000001f46088daf0,
0x000001f46088f440, 0x000001f460890370, 0x000001f460891cc0, 0x000001f4608926e0,
0x000001f460894540, 0x000001f4608917b0, 0x000001f460893100, 0x000001f460893610,
0x000001f4608912a0, 0x000001f460893b20, 0x000001f4608921d0, 0x000001f460894030,
0x000001f461954f90, 0x000001f4619563d0, 0x000001f461954a80, 0x000001f461958740,
0x000001f461955ec0, 0x000001f461958c50, 0x000001f461959160, 0x000001f46195b9e0,
0x000001f461959670, 0x000001f461959b80, 0x000001f46195a090, 0x000001f46195b4d0,
0x000001f46195a5a0, 0x000001f46195aab0, 0x000001f4619559b0, 0x000001f4604a2260,
0x000001f4631bc570, 0x000001f4631bedf0, 0x000001f4631be8e0, 0x000001f4631bf300,
0x000001f4631bca80, 0x000001f4631be3d0, 0x000001f4619568e0, 0x000001f46342fd50,
0x000001f463431190, 0x000001f4634325d0, 0x000001f463432ae0, 0x000001f46342f330,
0x000001f4634320c0, 0x000001f46342f840, 0x000001f463432ff0, 0x000001f463433500,
0x000001f4634316a0, 0x000001f463433f20, 0x000001f463433a10, 0x000001f463430770,
0x000001f46342d9e0, 0x000001f463434430, 0x000001f463434940, 0x000001f463431bb0,
0x000001f4604a1330, 0x000001f461957d20, 0x000001f463546b50, 0x000001f463547a80,
0x000001f463547570, 0x000001f46354b740, 0x000001f46354b230, 0x000001f463547060,
0x000001f46354c670, 0x000001f46354dfc0, 0x000001f4631bd4a0, 0x000001f46342cfc0,
0x000001f4696f78e0, 0x000001f4696f5f90, 0x000001f4696f9230, 0x000001f4696f9740,
0x000001f4696fab80, 0x000001f4696fa160, 0x000001f4696fbfc0, 0x000001f4696fb090,
0x000001f4696f7df0, 0x000001f4696fc4d0
}

Java Threads: ( => current thread )
  0x000001f4218e3c30 JavaThread "main" [_thread_blocked, id=10320, stack(0x0000004286e00000,0x0000004286f00000)]
  0x000001f43f506430 JavaThread "Reference Handler" daemon [_thread_blocked, id=9404, stack(0x0000004287500000,0x0000004287600000)]
  0x000001f43f507a70 JavaThread "Finalizer" daemon [_thread_blocked, id=8696, stack(0x0000004287600000,0x0000004287700000)]
  0x000001f43f522af0 JavaThread "Signal Dispatcher" daemon [_thread_blocked, id=13100, stack(0x0000004287700000,0x0000004287800000)]
  0x000001f43f5233c0 JavaThread "Attach Listener" daemon [_thread_blocked, id=14000, stack(0x0000004287800000,0x0000004287900000)]
  0x000001f43f523c90 JavaThread "Service Thread" daemon [_thread_blocked, id=27208, stack(0x0000004287900000,0x0000004287a00000)]
  0x000001f43f524560 JavaThread "Monitor Deflation Thread" daemon [_thread_blocked, id=23928, stack(0x0000004287a00000,0x0000004287b00000)]
=>0x000001f43f525160 JavaThread "C2 CompilerThread0" daemon [_thread_in_native, id=3836, stack(0x0000004287b00000,0x0000004287c00000)]
  0x000001f43f528830 JavaThread "C1 CompilerThread0" daemon [_thread_blocked, id=2572, stack(0x0000004287c00000,0x0000004287d00000)]
  0x000001f43f57e8f0 JavaThread "Sweeper thread" daemon [_thread_blocked, id=19208, stack(0x0000004287d00000,0x0000004287e00000)]
  0x000001f43f4ede40 JavaThread "Common-Cleaner" daemon [_thread_blocked, id=29384, stack(0x0000004287e00000,0x0000004287f00000)]
  0x000001f43f751320 JavaThread "Notification Thread" daemon [_thread_blocked, id=5632, stack(0x0000004287f00000,0x0000004288000000)]
  0x000001f45fe20160 JavaThread "Daemon health stats" [_thread_blocked, id=25204, stack(0x0000004288400000,0x0000004288500000)]
  0x000001f45fb1bdd0 JavaThread "Incoming local TCP Connector on port 61943" [_thread_in_native, id=23776, stack(0x0000004288500000,0x0000004288600000)]
  0x000001f45f740940 JavaThread "Daemon periodic checks" [_thread_blocked, id=19948, stack(0x0000004288600000,0x0000004288700000)]
  0x000001f4602b29b0 JavaThread "Daemon" [_thread_blocked, id=29540, stack(0x0000004288700000,0x0000004288800000)]
  0x000001f4602b2e90 JavaThread "Handler for socket connection from /127.0.0.1:61943 to /127.0.0.1:61945" [_thread_in_native, id=9612, stack(0x0000004288800000,0x0000004288900000)]
  0x000001f45fb1a7b0 JavaThread "Cancel handler" [_thread_blocked, id=1384, stack(0x0000004288900000,0x0000004288a00000)]
  0x000001f43f7a3390 JavaThread "Daemon worker" [_thread_blocked, id=21584, stack(0x0000004288a00000,0x0000004288b00000)]
  0x000001f4604a2c80 JavaThread "Asynchronous log dispatcher for DefaultDaemonConnection: socket connection from /127.0.0.1:61943 to /127.0.0.1:61945" [_thread_blocked, id=21232, stack(0x0000004288b00000,0x0000004288c00000)]
  0x000001f46049fef0 JavaThread "Daemon client event forwarder" [_thread_blocked, id=6060, stack(0x0000004288d00000,0x0000004288e00000)]
  0x000001f4604a0e20 JavaThread "Cache worker for journal cache (C:\Users\Frank\.gradle\caches\journal-1)" [_thread_blocked, id=10184, stack(0x0000004288e00000,0x0000004288f00000)]
  0x000001f4604a1d50 JavaThread "File lock request listener" [_thread_in_native, id=3404, stack(0x0000004288f00000,0x0000004289000000)]
  0x000001f4604a2770 JavaThread "Cache worker for file hash cache (C:\Users\Frank\.gradle\caches\8.3\fileHashes)" [_thread_blocked, id=18300, stack(0x0000004289100000,0x0000004289200000)]
  0x000001f4604a0400 JavaThread "File watcher server" daemon [_thread_in_native, id=22204, stack(0x0000004289200000,0x0000004289300000)]
  0x000001f4604a3190 JavaThread "File watcher consumer" daemon [_thread_in_Java, id=29020, stack(0x0000004289300000,0x0000004289400000)]
  0x000001f4604a0910 JavaThread "Cache worker for checksums cache (C:\Users\Frank\OneDrive\Escritorio\DaDosMagicos\DadoTriple\android\.gradle\8.3\checksums)" [_thread_blocked, id=21028, stack(0x0000004289400000,0x0000004289500000)]
  0x000001f46088d5e0 JavaThread "Cache worker for file hash cache (C:\Users\Frank\OneDrive\Escritorio\DaDosMagicos\DadoTriple\android\.gradle\8.3\fileHashes)" [_thread_blocked, id=19656, stack(0x0000004289500000,0x0000004289600000)]
  0x000001f46088ea20 JavaThread "Cache worker for cache directory md-supplier (C:\Users\Frank\.gradle\caches\8.3\md-supplier)" [_thread_blocked, id=28900, stack(0x0000004289600000,0x0000004289700000)]
  0x000001f46088f950 JavaThread "Cache worker for file content cache (C:\Users\Frank\.gradle\caches\8.3\fileContent)" [_thread_blocked, id=29692, stack(0x0000004289700000,0x0000004289800000)]
  0x000001f46088fe60 JavaThread "Cache worker for cache directory md-rule (C:\Users\Frank\.gradle\caches\8.3\md-rule)" [_thread_blocked, id=23256, stack(0x0000004289900000,0x0000004289a00000)]
  0x000001f46088daf0 JavaThread "Cache worker for execution history cache (C:\Users\Frank\.gradle\caches\8.3\executionHistory)" [_thread_blocked, id=23496, stack(0x0000004289a00000,0x0000004289b00000)]
  0x000001f46088f440 JavaThread "jar transforms" [_thread_blocked, id=5616, stack(0x0000004289c00000,0x0000004289d00000)]
  0x000001f460890370 JavaThread "jar transforms Thread 2" [_thread_blocked, id=22388, stack(0x0000004289b00000,0x0000004289c00000)]
  0x000001f460891cc0 JavaThread "jar transforms Thread 3" [_thread_blocked, id=23024, stack(0x0000004289d00000,0x0000004289e00000)]
  0x000001f4608926e0 JavaThread "jar transforms Thread 4" [_thread_blocked, id=12808, stack(0x0000004289e00000,0x0000004289f00000)]
  0x000001f460894540 JavaThread "Cache worker for kotlin-dsl (C:\Users\Frank\.gradle\caches\8.3\kotlin-dsl)" [_thread_blocked, id=19960, stack(0x0000004286c00000,0x0000004286d00000)]
  0x000001f4608917b0 JavaThread "Unconstrained build operations" [_thread_blocked, id=25392, stack(0x0000004286d00000,0x0000004286e00000)]
  0x000001f460893100 JavaThread "Unconstrained build operations Thread 2" [_thread_blocked, id=25480, stack(0x000000428a100000,0x000000428a200000)]
  0x000001f460893610 JavaThread "Cache worker for dependencies-accessors (C:\Users\Frank\OneDrive\Escritorio\DaDosMagicos\DadoTriple\android\.gradle\8.3\dependencies-accessors)" [_thread_blocked, id=8536, stack(0x000000428a200000,0x000000428a300000)]
  0x000001f4608912a0 JavaThread "Cache worker for Build Output Cleanup Cache (C:\Users\Frank\OneDrive\Escritorio\DaDosMagicos\DadoTriple\node_modules\@react-native\gradle-plugin\.gradle\buildOutputCleanup)" [_thread_blocked, id=1824, stack(0x000000428a400000,0x000000428a500000)]
  0x000001f460893b20 JavaThread "Unconstrained build operations Thread 3" [_thread_blocked, id=18544, stack(0x000000428a300000,0x000000428a400000)]
  0x000001f4608921d0 JavaThread "Unconstrained build operations Thread 4" [_thread_blocked, id=13652, stack(0x000000428a500000,0x000000428a600000)]
  0x000001f460894030 JavaThread "Unconstrained build operations Thread 5" [_thread_blocked, id=16532, stack(0x000000428a600000,0x000000428a700000)]
  0x000001f461954f90 JavaThread "Memory manager" [_thread_blocked, id=8724, stack(0x000000428a700000,0x000000428a800000)]
  0x000001f4619563d0 JavaThread "Cache worker for Build Output Cleanup Cache (C:\Users\Frank\OneDrive\Escritorio\DaDosMagicos\DadoTriple\android\.gradle\buildOutputCleanup)" [_thread_blocked, id=27560, stack(0x0000004289f00000,0x000000428a000000)]
  0x000001f461954a80 JavaThread "Execution worker" [_thread_blocked, id=6080, stack(0x000000428ac00000,0x000000428ad00000)]
  0x000001f461958740 JavaThread "Execution worker Thread 2" [_thread_blocked, id=29036, stack(0x000000428ad00000,0x000000428ae00000)]
  0x000001f461955ec0 JavaThread "Execution worker Thread 3" [_thread_blocked, id=26264, stack(0x000000428ae00000,0x000000428af00000)]
  0x000001f461958c50 JavaThread "Cache worker for execution history cache (C:\Users\Frank\OneDrive\Escritorio\DaDosMagicos\DadoTriple\node_modules\@react-native\gradle-plugin\.gradle\8.3\executionHistory)" [_thread_blocked, id=20852, stack(0x000000428af00000,0x000000428b000000)]
  0x000001f461959160 JavaThread "Unconstrained build operations Thread 6" [_thread_blocked, id=2568, stack(0x000000428b000000,0x000000428b100000)]
  0x000001f46195b9e0 JavaThread "Unconstrained build operations Thread 7" [_thread_blocked, id=16672, stack(0x000000428b100000,0x000000428b200000)]
  0x000001f461959670 JavaThread "Unconstrained build operations Thread 8" [_thread_blocked, id=7180, stack(0x000000428b200000,0x000000428b300000)]
  0x000001f461959b80 JavaThread "Unconstrained build operations Thread 9" [_thread_blocked, id=2620, stack(0x000000428b300000,0x000000428b400000)]
  0x000001f46195a090 JavaThread "Unconstrained build operations Thread 10" [_thread_blocked, id=17384, stack(0x000000428b400000,0x000000428b500000)]
  0x000001f46195b4d0 JavaThread "Unconstrained build operations Thread 11" [_thread_blocked, id=19500, stack(0x000000428b500000,0x000000428b600000)]
  0x000001f46195a5a0 JavaThread "Unconstrained build operations Thread 12" [_thread_blocked, id=26224, stack(0x000000428b600000,0x000000428b700000)]
  0x000001f46195aab0 JavaThread "Unconstrained build operations Thread 13" [_thread_blocked, id=10824, stack(0x000000428b700000,0x000000428b800000)]
  0x000001f4619559b0 JavaThread "Unconstrained build operations Thread 14" [_thread_blocked, id=2712, stack(0x000000428aa00000,0x000000428ab00000)]
  0x000001f4604a2260 JavaThread "Unconstrained build operations Thread 15" [_thread_blocked, id=15796, stack(0x000000428ab00000,0x000000428ac00000)]
  0x000001f4631bc570 JavaThread "Unconstrained build operations Thread 16" [_thread_blocked, id=4236, stack(0x000000428b900000,0x000000428ba00000)]
  0x000001f4631bedf0 JavaThread "Unconstrained build operations Thread 17" [_thread_blocked, id=6832, stack(0x000000428b800000,0x000000428b900000)]
  0x000001f4631be8e0 JavaThread "Unconstrained build operations Thread 18" [_thread_blocked, id=5232, stack(0x000000428ba00000,0x000000428bb00000)]
  0x000001f4631bf300 JavaThread "Unconstrained build operations Thread 19" [_thread_blocked, id=21348, stack(0x000000428bb00000,0x000000428bc00000)]
  0x000001f4631bca80 JavaThread "Unconstrained build operations Thread 20" [_thread_blocked, id=6232, stack(0x000000428a800000,0x000000428a900000)]
  0x000001f4631be3d0 JavaThread "Unconstrained build operations Thread 21" [_thread_blocked, id=24888, stack(0x000000428bc00000,0x000000428bd00000)]
  0x000001f4619568e0 JavaThread "Unconstrained build operations Thread 22" [_thread_blocked, id=8484, stack(0x000000428bd00000,0x000000428be00000)]
  0x000001f46342fd50 JavaThread "included builds Thread 2" [_thread_in_Java, id=13440, stack(0x000000428a000000,0x000000428a100000)]
  0x000001f463431190 JavaThread "Unconstrained build operations Thread 23" [_thread_blocked, id=12104, stack(0x0000004288c00000,0x0000004288d00000)]
  0x000001f4634325d0 JavaThread "Unconstrained build operations Thread 24" [_thread_blocked, id=28844, stack(0x000000428a900000,0x000000428aa00000)]
  0x000001f463432ae0 JavaThread "Unconstrained build operations Thread 25" [_thread_blocked, id=25964, stack(0x000000428c100000,0x000000428c200000)]
  0x000001f46342f330 JavaThread "Unconstrained build operations Thread 26" [_thread_blocked, id=6748, stack(0x000000428be00000,0x000000428bf00000)]
  0x000001f4634320c0 JavaThread "Unconstrained build operations Thread 27" [_thread_blocked, id=22700, stack(0x000000428c200000,0x000000428c300000)]
  0x000001f46342f840 JavaThread "Unconstrained build operations Thread 28" [_thread_blocked, id=8816, stack(0x000000428c300000,0x000000428c400000)]
  0x000001f463432ff0 JavaThread "Unconstrained build operations Thread 29" [_thread_blocked, id=14524, stack(0x000000428c400000,0x000000428c500000)]
  0x000001f463433500 JavaThread "Unconstrained build operations Thread 30" [_thread_blocked, id=14428, stack(0x000000428c500000,0x000000428c600000)]
  0x000001f4634316a0 JavaThread "Unconstrained build operations Thread 31" [_thread_blocked, id=7808, stack(0x000000428c600000,0x000000428c700000)]
  0x000001f463433f20 JavaThread "Unconstrained build operations Thread 32" [_thread_blocked, id=13940, stack(0x000000428c700000,0x000000428c800000)]
  0x000001f463433a10 JavaThread "Unconstrained build operations Thread 33" [_thread_blocked, id=12556, stack(0x000000428c900000,0x000000428ca00000)]
  0x000001f463430770 JavaThread "Unconstrained build operations Thread 34" [_thread_blocked, id=20072, stack(0x000000428ca00000,0x000000428cb00000)]
  0x000001f46342d9e0 JavaThread "Unconstrained build operations Thread 35" [_thread_blocked, id=26208, stack(0x000000428c000000,0x000000428c100000)]
  0x000001f463434430 JavaThread "Unconstrained build operations Thread 36" [_thread_blocked, id=9848, stack(0x000000428c800000,0x000000428c900000)]
  0x000001f463434940 JavaThread "Unconstrained build operations Thread 37" [_thread_blocked, id=15968, stack(0x000000428cb00000,0x000000428cc00000)]
  0x000001f463431bb0 JavaThread "Unconstrained build operations Thread 38" [_thread_blocked, id=25140, stack(0x000000428cc00000,0x000000428cd00000)]
  0x000001f4604a1330 JavaThread "Unconstrained build operations Thread 39" [_thread_blocked, id=21212, stack(0x000000428cd00000,0x000000428ce00000)]
  0x000001f461957d20 JavaThread "Unconstrained build operations Thread 40" [_thread_blocked, id=5912, stack(0x000000428ce00000,0x000000428cf00000)]
  0x000001f463546b50 JavaThread "Cache worker for execution history cache (C:\Users\Frank\OneDrive\Escritorio\DaDosMagicos\DadoTriple\android\.gradle\8.3\executionHistory)" [_thread_blocked, id=20600, stack(0x000000428cf00000,0x000000428d000000)]
  0x000001f463547a80 JavaThread "Cache worker for Java compile cache (C:\Users\Frank\.gradle\caches\8.3\javaCompile)" [_thread_blocked, id=23568, stack(0x000000428d000000,0x000000428d100000)]
  0x000001f463547570 JavaThread "Build operations" [_thread_blocked, id=13584, stack(0x000000428d200000,0x000000428d300000)]
  0x000001f46354b740 JavaThread "Build operations Thread 2" [_thread_blocked, id=8520, stack(0x000000428d400000,0x000000428d500000)]
  0x000001f46354b230 JavaThread "Build operations Thread 3" [_thread_blocked, id=29432, stack(0x000000428d500000,0x000000428d600000)]
  0x000001f463547060 JavaThread "WorkerExecutor Queue" [_thread_in_native, id=22372, stack(0x000000428d600000,0x000000428d700000)]
  0x000001f46354c670 JavaThread "RMI Scheduler(0)" daemon [_thread_blocked, id=15580, stack(0x000000428d700000,0x000000428d800000)]
  0x000001f46354dfc0 JavaThread "RMI GC Daemon" daemon [_thread_blocked, id=25304, stack(0x000000428d900000,0x000000428da00000)]
  0x000001f4631bd4a0 JavaThread "WorkerExecutor Queue Thread 2" [_thread_in_native, id=17560, stack(0x000000428db00000,0x000000428dc00000)]
  0x000001f46342cfc0 JavaThread "RMI TCP Accept-0" daemon [_thread_in_native, id=7420, stack(0x000000428dc00000,0x000000428dd00000)]
  0x000001f4696f78e0 JavaThread "RMI Reaper" [_thread_blocked, id=28856, stack(0x000000428dd00000,0x000000428de00000)]
  0x000001f4696f5f90 JavaThread "WorkerExecutor Queue Thread 3" [_thread_in_native, id=6440, stack(0x000000428df00000,0x000000428e000000)]
  0x000001f4696f9230 JavaThread "Build operations Thread 4" [_thread_blocked, id=3060, stack(0x000000428d100000,0x000000428d200000)]
  0x000001f4696f9740 JavaThread "WorkerExecutor Queue Thread 4" [_thread_blocked, id=24652, stack(0x000000428e100000,0x000000428e200000)]
  0x000001f4696fab80 JavaThread "Thread-87" [_thread_in_native, id=29304, stack(0x000000428e200000,0x000000428e300000)]
  0x000001f4696fa160 JavaThread "Thread-88" [_thread_in_native, id=14016, stack(0x000000428e500000,0x000000428e600000)]
  0x000001f4696fbfc0 JavaThread "Thread-89" [_thread_in_native, id=9396, stack(0x000000428e700000,0x000000428e800000)]
  0x000001f4696fb090 JavaThread "RMI TCP Connection(idle)" daemon [_thread_blocked, id=10516, stack(0x000000428bf00000,0x000000428c000000)]
  0x000001f4696f7df0 JavaThread "RMI TCP Connection(idle)" daemon [_thread_blocked, id=26088, stack(0x000000428d800000,0x000000428d900000)]
  0x000001f4696fc4d0 JavaThread "RMI TCP Connection(11)-127.0.0.1" daemon [_thread_in_native, id=18856, stack(0x0000004289000000,0x0000004289100000)]

Other Threads:
  0x000001f43f4ff8c0 VMThread "VM Thread" [stack: 0x0000004287400000,0x0000004287500000] [id=4728]
  0x000001f4218e49c0 WatcherThread [stack: 0x0000004288000000,0x0000004288100000] [id=19332]
  0x000001f41f5c9fb0 GCTaskThread "GC Thread#0" [stack: 0x0000004286f00000,0x0000004287000000] [id=12420]
  0x000001f43f979ce0 GCTaskThread "GC Thread#1" [stack: 0x0000004288100000,0x0000004288200000] [id=21568]
  0x000001f45f29fc50 GCTaskThread "GC Thread#2" [stack: 0x0000004288200000,0x0000004288300000] [id=16916]
  0x000001f45f6fc050 GCTaskThread "GC Thread#3" [stack: 0x0000004288300000,0x0000004288400000] [id=28404]
  0x000001f41f5cebc0 ConcurrentGCThread "G1 Main Marker" [stack: 0x0000004287000000,0x0000004287100000] [id=16764]
  0x000001f42194e6d0 ConcurrentGCThread "G1 Conc#0" [stack: 0x0000004287100000,0x0000004287200000] [id=29464]
  0x000001f42198e040 ConcurrentGCThread "G1 Refine#0" [stack: 0x0000004287200000,0x0000004287300000] [id=20280]
  0x000001f460c3eb80 ConcurrentGCThread "G1 Refine#1" [stack: 0x0000004289800000,0x0000004289900000] [id=7856]
  0x000001f4635c9b10 ConcurrentGCThread "G1 Refine#2" [stack: 0x000000428d300000,0x000000428d400000] [id=10860]
  0x000001f42198e990 ConcurrentGCThread "G1 Service" [stack: 0x0000004287300000,0x0000004287400000] [id=16488]

Threads with active compile tasks:
C2 CompilerThread0  1255087 29016       4       com.android.tools.r8.ir.optimize.F::r (827 bytes)

VM state: not at safepoint (normal execution)

VM Mutex/Monitor currently owned by a thread: None

Heap address: 0x0000000080000000, size: 2048 MB, Compressed Oops mode: 32-bit

CDS archive(s) mapped at: [0x000001f440000000-0x000001f440bb0000-0x000001f440bb0000), size 12255232, SharedBaseAddress: 0x000001f440000000, ArchiveRelocationMode: 1.
Compressed class space mapped at: 0x000001f441000000-0x000001f45b000000, reserved size: 436207616
Narrow klass base: 0x000001f440000000, Narrow klass shift: 0, Narrow klass range: 0x100000000

GC Precious Log:
 CPUs: 4 total, 4 available
 Memory: 7934M
 Large Page Support: Disabled
 NUMA Support: Disabled
 Compressed Oops: Enabled (32-bit)
 Heap Region Size: 1M
 Heap Min Capacity: 8M
 Heap Initial Capacity: 124M
 Heap Max Capacity: 2G
 Pre-touch: Disabled
 Parallel Workers: 4
 Concurrent Workers: 1
 Concurrent Refinement Workers: 4
 Periodic GC: Disabled

Heap:
 garbage-first heap   total 470016K, used 253880K [0x0000000080000000, 0x0000000100000000)
  region size 1024K, 4 young (4096K), 3 survivors (3072K)
 Metaspace       used 140615K, committed 141888K, reserved 557056K
  class space    used 18911K, committed 19520K, reserved 425984K

Heap Regions: E=young(eden), S=young(survivor), O=old, HS=humongous(starts), HC=humongous(continues), CS=collection set, F=free, OA=open archive, CA=closed archive, TAMS=top-at-mark-start (previous, next)
|   0|0x0000000080000000, 0x0000000080100000, 0x0000000080100000|100%| O|  |TAMS 0x0000000080100000, 0x0000000080000000| Untracked 
|   1|0x0000000080100000, 0x0000000080200000, 0x0000000080200000|100%| O|  |TAMS 0x0000000080200000, 0x0000000080100000| Untracked 
|   2|0x0000000080200000, 0x0000000080300000, 0x0000000080300000|100%|HS|  |TAMS 0x0000000080300000, 0x0000000080200000| Complete 
|   3|0x0000000080300000, 0x0000000080400000, 0x0000000080400000|100%|HC|  |TAMS 0x0000000080400000, 0x0000000080300000| Complete 
|   4|0x0000000080400000, 0x0000000080500000, 0x0000000080500000|100%|HC|  |TAMS 0x0000000080500000, 0x0000000080400000| Complete 
|   5|0x0000000080500000, 0x0000000080600000, 0x0000000080600000|100%|HC|  |TAMS 0x0000000080600000, 0x0000000080500000| Complete 
|   6|0x0000000080600000, 0x0000000080700000, 0x0000000080700000|100%| O|  |TAMS 0x0000000080700000, 0x0000000080600000| Untracked 
|   7|0x0000000080700000, 0x0000000080800000, 0x0000000080800000|100%| O|  |TAMS 0x0000000080800000, 0x0000000080700000| Untracked 
|   8|0x0000000080800000, 0x0000000080900000, 0x0000000080900000|100%| O|  |TAMS 0x0000000080900000, 0x0000000080800000| Untracked 
|   9|0x0000000080900000, 0x0000000080a00000, 0x0000000080a00000|100%| O|  |TAMS 0x0000000080a00000, 0x0000000080900000| Untracked 
|  10|0x0000000080a00000, 0x0000000080b00000, 0x0000000080b00000|100%| O|  |TAMS 0x0000000080b00000, 0x0000000080a00000| Untracked 
|  11|0x0000000080b00000, 0x0000000080c00000, 0x0000000080c00000|100%| O|  |TAMS 0x0000000080c00000, 0x0000000080b00000| Untracked 
|  12|0x0000000080c00000, 0x0000000080d00000, 0x0000000080d00000|100%| O|  |TAMS 0x0000000080d00000, 0x0000000080c00000| Untracked 
|  13|0x0000000080d00000, 0x0000000080e00000, 0x0000000080e00000|100%| O|  |TAMS 0x0000000080e00000, 0x0000000080d00000| Untracked 
|  14|0x0000000080e00000, 0x0000000080f00000, 0x0000000080f00000|100%| O|  |TAMS 0x0000000080f00000, 0x0000000080e00000| Untracked 
|  15|0x0000000080f00000, 0x0000000081000000, 0x0000000081000000|100%| O|  |TAMS 0x0000000081000000, 0x0000000080f00000| Untracked 
|  16|0x0000000081000000, 0x0000000081100000, 0x0000000081100000|100%| O|  |TAMS 0x0000000081100000, 0x0000000081000000| Untracked 
|  17|0x0000000081100000, 0x0000000081200000, 0x0000000081200000|100%| O|  |TAMS 0x0000000081200000, 0x0000000081100000| Untracked 
|  18|0x0000000081200000, 0x0000000081300000, 0x0000000081300000|100%| O|  |TAMS 0x0000000081300000, 0x0000000081200000| Untracked 
|  19|0x0000000081300000, 0x0000000081400000, 0x0000000081400000|100%| O|  |TAMS 0x0000000081400000, 0x0000000081300000| Untracked 
|  20|0x0000000081400000, 0x0000000081500000, 0x0000000081500000|100%|HS|  |TAMS 0x0000000081500000, 0x0000000081400000| Complete 
|  21|0x0000000081500000, 0x0000000081600000, 0x0000000081600000|100%| O|  |TAMS 0x0000000081600000, 0x0000000081500000| Untracked 
|  22|0x0000000081600000, 0x0000000081700000, 0x0000000081700000|100%| O|  |TAMS 0x0000000081700000, 0x0000000081600000| Untracked 
|  23|0x0000000081700000, 0x0000000081800000, 0x0000000081800000|100%| O|  |TAMS 0x0000000081800000, 0x0000000081700000| Untracked 
|  24|0x0000000081800000, 0x0000000081900000, 0x0000000081900000|100%| O|  |TAMS 0x0000000081900000, 0x0000000081800000| Untracked 
|  25|0x0000000081900000, 0x0000000081a00000, 0x0000000081a00000|100%| O|  |TAMS 0x0000000081a00000, 0x0000000081900000| Untracked 
|  26|0x0000000081a00000, 0x0000000081b00000, 0x0000000081b00000|100%| O|  |TAMS 0x0000000081b00000, 0x0000000081a00000| Untracked 
|  27|0x0000000081b00000, 0x0000000081c00000, 0x0000000081c00000|100%| O|  |TAMS 0x0000000081c00000, 0x0000000081b00000| Untracked 
|  28|0x0000000081c00000, 0x0000000081d00000, 0x0000000081d00000|100%| O|  |TAMS 0x0000000081d00000, 0x0000000081c00000| Untracked 
|  29|0x0000000081d00000, 0x0000000081e00000, 0x0000000081e00000|100%| O|  |TAMS 0x0000000081e00000, 0x0000000081d00000| Untracked 
|  30|0x0000000081e00000, 0x0000000081f00000, 0x0000000081f00000|100%| O|  |TAMS 0x0000000081f00000, 0x0000000081e00000| Untracked 
|  31|0x0000000081f00000, 0x0000000082000000, 0x0000000082000000|100%| O|  |TAMS 0x0000000082000000, 0x0000000081f00000| Untracked 
|  32|0x0000000082000000, 0x0000000082100000, 0x0000000082100000|100%| O|  |TAMS 0x0000000082100000, 0x0000000082000000| Untracked 
|  33|0x0000000082100000, 0x0000000082200000, 0x0000000082200000|100%| O|  |TAMS 0x0000000082200000, 0x0000000082100000| Untracked 
|  34|0x0000000082200000, 0x0000000082300000, 0x0000000082300000|100%|HS|  |TAMS 0x0000000082300000, 0x0000000082200000| Complete 
|  35|0x0000000082300000, 0x0000000082400000, 0x0000000082400000|100%|HC|  |TAMS 0x0000000082400000, 0x0000000082300000| Complete 
|  36|0x0000000082400000, 0x0000000082500000, 0x0000000082500000|100%| O|  |TAMS 0x0000000082500000, 0x0000000082400000| Untracked 
|  37|0x0000000082500000, 0x0000000082600000, 0x0000000082600000|100%|HS|  |TAMS 0x0000000082600000, 0x0000000082500000| Complete 
|  38|0x0000000082600000, 0x0000000082700000, 0x0000000082700000|100%|HC|  |TAMS 0x0000000082700000, 0x0000000082600000| Complete 
|  39|0x0000000082700000, 0x0000000082800000, 0x0000000082800000|100%| O|  |TAMS 0x0000000082800000, 0x0000000082700000| Untracked 
|  40|0x0000000082800000, 0x0000000082900000, 0x0000000082900000|100%| O|  |TAMS 0x0000000082900000, 0x0000000082800000| Untracked 
|  41|0x0000000082900000, 0x0000000082a00000, 0x0000000082a00000|100%|HS|  |TAMS 0x0000000082a00000, 0x0000000082900000| Complete 
|  42|0x0000000082a00000, 0x0000000082b00000, 0x0000000082b00000|100%|HC|  |TAMS 0x0000000082b00000, 0x0000000082a00000| Complete 
|  43|0x0000000082b00000, 0x0000000082c00000, 0x0000000082c00000|100%|HC|  |TAMS 0x0000000082c00000, 0x0000000082b00000| Complete 
|  44|0x0000000082c00000, 0x0000000082d00000, 0x0000000082d00000|100%|HC|  |TAMS 0x0000000082d00000, 0x0000000082c00000| Complete 
|  45|0x0000000082d00000, 0x0000000082e00000, 0x0000000082e00000|100%| O|  |TAMS 0x0000000082e00000, 0x0000000082d00000| Untracked 
|  46|0x0000000082e00000, 0x0000000082f00000, 0x0000000082f00000|100%| O|  |TAMS 0x0000000082f00000, 0x0000000082e00000| Untracked 
|  47|0x0000000082f00000, 0x0000000083000000, 0x0000000083000000|100%| O|  |TAMS 0x0000000083000000, 0x0000000082f00000| Untracked 
|  48|0x0000000083000000, 0x0000000083100000, 0x0000000083100000|100%| O|  |TAMS 0x0000000083100000, 0x0000000083000000| Untracked 
|  49|0x0000000083100000, 0x0000000083200000, 0x0000000083200000|100%|HS|  |TAMS 0x0000000083200000, 0x0000000083100000| Complete 
|  50|0x0000000083200000, 0x0000000083300000, 0x0000000083300000|100%|HC|  |TAMS 0x0000000083300000, 0x0000000083200000| Complete 
|  51|0x0000000083300000, 0x0000000083400000, 0x0000000083400000|100%|HC|  |TAMS 0x0000000083400000, 0x0000000083300000| Complete 
|  52|0x0000000083400000, 0x0000000083500000, 0x0000000083500000|100%|HC|  |TAMS 0x0000000083500000, 0x0000000083400000| Complete 
|  53|0x0000000083500000, 0x0000000083600000, 0x0000000083600000|100%| O|  |TAMS 0x0000000083600000, 0x0000000083500000| Untracked 
|  54|0x0000000083600000, 0x0000000083700000, 0x0000000083700000|100%| O|  |TAMS 0x0000000083700000, 0x0000000083600000| Untracked 
|  55|0x0000000083700000, 0x0000000083800000, 0x0000000083800000|100%| O|  |TAMS 0x0000000083800000, 0x0000000083700000| Untracked 
|  56|0x0000000083800000, 0x0000000083900000, 0x0000000083900000|100%| O|  |TAMS 0x0000000083900000, 0x0000000083800000| Untracked 
|  57|0x0000000083900000, 0x0000000083a00000, 0x0000000083a00000|100%| O|  |TAMS 0x0000000083a00000, 0x0000000083900000| Untracked 
|  58|0x0000000083a00000, 0x0000000083b00000, 0x0000000083b00000|100%| O|  |TAMS 0x0000000083b00000, 0x0000000083a00000| Untracked 
|  59|0x0000000083b00000, 0x0000000083c00000, 0x0000000083c00000|100%| O|  |TAMS 0x0000000083c00000, 0x0000000083b00000| Untracked 
|  60|0x0000000083c00000, 0x0000000083d00000, 0x0000000083d00000|100%| O|  |TAMS 0x0000000083d00000, 0x0000000083c00000| Untracked 
|  61|0x0000000083d00000, 0x0000000083e00000, 0x0000000083e00000|100%| O|  |TAMS 0x0000000083e00000, 0x0000000083d00000| Untracked 
|  62|0x0000000083e00000, 0x0000000083f00000, 0x0000000083f00000|100%| O|  |TAMS 0x0000000083f00000, 0x0000000083e00000| Untracked 
|  63|0x0000000083f00000, 0x0000000084000000, 0x0000000084000000|100%| O|  |TAMS 0x0000000084000000, 0x0000000083f00000| Untracked 
|  64|0x0000000084000000, 0x0000000084100000, 0x0000000084100000|100%|HS|  |TAMS 0x0000000084100000, 0x0000000084000000| Complete 
|  65|0x0000000084100000, 0x0000000084200000, 0x0000000084200000|100%|HS|  |TAMS 0x0000000084200000, 0x0000000084100000| Complete 
|  66|0x0000000084200000, 0x0000000084300000, 0x0000000084300000|100%|HS|  |TAMS 0x0000000084300000, 0x0000000084200000| Complete 
|  67|0x0000000084300000, 0x0000000084400000, 0x0000000084400000|100%| O|  |TAMS 0x0000000084400000, 0x0000000084300000| Untracked 
|  68|0x0000000084400000, 0x0000000084500000, 0x0000000084500000|100%| O|  |TAMS 0x0000000084500000, 0x0000000084400000| Untracked 
|  69|0x0000000084500000, 0x0000000084600000, 0x0000000084600000|100%| O|  |TAMS 0x0000000084600000, 0x0000000084500000| Untracked 
|  70|0x0000000084600000, 0x0000000084700000, 0x0000000084700000|100%|HS|  |TAMS 0x0000000084700000, 0x0000000084600000| Complete 
|  71|0x0000000084700000, 0x0000000084800000, 0x0000000084800000|100%| O|  |TAMS 0x0000000084800000, 0x0000000084700000| Untracked 
|  72|0x0000000084800000, 0x0000000084900000, 0x0000000084900000|100%| O|  |TAMS 0x0000000084900000, 0x0000000084800000| Untracked 
|  73|0x0000000084900000, 0x0000000084a00000, 0x0000000084a00000|100%| O|  |TAMS 0x0000000084a00000, 0x0000000084900000| Untracked 
|  74|0x0000000084a00000, 0x0000000084b00000, 0x0000000084b00000|100%| O|  |TAMS 0x0000000084b00000, 0x0000000084a00000| Untracked 
|  75|0x0000000084b00000, 0x0000000084c00000, 0x0000000084c00000|100%| O|  |TAMS 0x0000000084c00000, 0x0000000084b00000| Untracked 
|  76|0x0000000084c00000, 0x0000000084d00000, 0x0000000084d00000|100%| O|  |TAMS 0x0000000084d00000, 0x0000000084c00000| Untracked 
|  77|0x0000000084d00000, 0x0000000084e00000, 0x0000000084e00000|100%| O|  |TAMS 0x0000000084e00000, 0x0000000084d00000| Untracked 
|  78|0x0000000084e00000, 0x0000000084f00000, 0x0000000084f00000|100%| O|  |TAMS 0x0000000084f00000, 0x0000000084e00000| Untracked 
|  79|0x0000000084f00000, 0x0000000085000000, 0x0000000085000000|100%| O|  |TAMS 0x0000000085000000, 0x0000000084f00000| Untracked 
|  80|0x0000000085000000, 0x0000000085100000, 0x0000000085100000|100%| O|  |TAMS 0x0000000085100000, 0x0000000085000000| Untracked 
|  81|0x0000000085100000, 0x0000000085200000, 0x0000000085200000|100%| O|  |TAMS 0x0000000085200000, 0x0000000085100000| Untracked 
|  82|0x0000000085200000, 0x0000000085300000, 0x0000000085300000|100%| O|  |TAMS 0x0000000085300000, 0x0000000085200000| Untracked 
|  83|0x0000000085300000, 0x0000000085400000, 0x0000000085400000|100%| O|  |TAMS 0x0000000085400000, 0x0000000085300000| Untracked 
|  84|0x0000000085400000, 0x0000000085500000, 0x0000000085500000|100%| O|  |TAMS 0x0000000085500000, 0x0000000085400000| Untracked 
|  85|0x0000000085500000, 0x0000000085600000, 0x0000000085600000|100%| O|  |TAMS 0x0000000085600000, 0x0000000085500000| Untracked 
|  86|0x0000000085600000, 0x0000000085700000, 0x0000000085700000|100%| O|  |TAMS 0x0000000085700000, 0x0000000085600000| Untracked 
|  87|0x0000000085700000, 0x0000000085800000, 0x0000000085800000|100%| O|  |TAMS 0x0000000085800000, 0x0000000085700000| Untracked 
|  88|0x0000000085800000, 0x0000000085900000, 0x0000000085900000|100%| O|  |TAMS 0x0000000085900000, 0x0000000085800000| Untracked 
|  89|0x0000000085900000, 0x0000000085a00000, 0x0000000085a00000|100%| O|  |TAMS 0x0000000085a00000, 0x0000000085900000| Untracked 
|  90|0x0000000085a00000, 0x0000000085b00000, 0x0000000085b00000|100%| O|  |TAMS 0x0000000085b00000, 0x0000000085a00000| Untracked 
|  91|0x0000000085b00000, 0x0000000085c00000, 0x0000000085c00000|100%| O|  |TAMS 0x0000000085c00000, 0x0000000085b00000| Untracked 
|  92|0x0000000085c00000, 0x0000000085d00000, 0x0000000085d00000|100%| O|  |TAMS 0x0000000085d00000, 0x0000000085c00000| Untracked 
|  93|0x0000000085d00000, 0x0000000085e00000, 0x0000000085e00000|100%| O|  |TAMS 0x0000000085e00000, 0x0000000085d00000| Untracked 
|  94|0x0000000085e00000, 0x0000000085f00000, 0x0000000085f00000|100%|HS|  |TAMS 0x0000000085f00000, 0x0000000085e00000| Complete 
|  95|0x0000000085f00000, 0x0000000086000000, 0x0000000086000000|100%|HS|  |TAMS 0x0000000086000000, 0x0000000085f00000| Complete 
|  96|0x0000000086000000, 0x0000000086100000, 0x0000000086100000|100%|HC|  |TAMS 0x0000000086100000, 0x0000000086000000| Complete 
|  97|0x0000000086100000, 0x0000000086200000, 0x0000000086200000|100%| O|  |TAMS 0x0000000086200000, 0x0000000086100000| Untracked 
|  98|0x0000000086200000, 0x0000000086300000, 0x0000000086300000|100%| O|  |TAMS 0x0000000086300000, 0x0000000086200000| Untracked 
|  99|0x0000000086300000, 0x0000000086400000, 0x0000000086400000|100%| O|  |TAMS 0x0000000086400000, 0x0000000086300000| Untracked 
| 100|0x0000000086400000, 0x0000000086500000, 0x0000000086500000|100%| O|  |TAMS 0x0000000086500000, 0x0000000086400000| Untracked 
| 101|0x0000000086500000, 0x0000000086600000, 0x0000000086600000|100%| O|  |TAMS 0x0000000086500000, 0x0000000086500000| Untracked 
| 102|0x0000000086600000, 0x0000000086700000, 0x0000000086700000|100%| O|  |TAMS 0x0000000086700000, 0x0000000086600000| Untracked 
| 103|0x0000000086700000, 0x0000000086800000, 0x0000000086800000|100%| O|  |TAMS 0x0000000086800000, 0x0000000086700000| Untracked 
| 104|0x0000000086800000, 0x0000000086900000, 0x0000000086900000|100%| O|  |TAMS 0x0000000086900000, 0x0000000086800000| Untracked 
| 105|0x0000000086900000, 0x0000000086a00000, 0x0000000086a00000|100%| O|  |TAMS 0x0000000086a00000, 0x0000000086900000| Untracked 
| 106|0x0000000086a00000, 0x0000000086b00000, 0x0000000086b00000|100%| O|  |TAMS 0x0000000086b00000, 0x0000000086a00000| Untracked 
| 107|0x0000000086b00000, 0x0000000086c00000, 0x0000000086c00000|100%| O|  |TAMS 0x0000000086c00000, 0x0000000086b00000| Untracked 
| 108|0x0000000086c00000, 0x0000000086d00000, 0x0000000086d00000|100%| O|  |TAMS 0x0000000086d00000, 0x0000000086c00000| Untracked 
| 109|0x0000000086d00000, 0x0000000086e00000, 0x0000000086e00000|100%| O|  |TAMS 0x0000000086e00000, 0x0000000086d00000| Untracked 
| 110|0x0000000086e00000, 0x0000000086f00000, 0x0000000086f00000|100%| O|  |TAMS 0x0000000086f00000, 0x0000000086e00000| Untracked 
| 111|0x0000000086f00000, 0x0000000087000000, 0x0000000087000000|100%|HS|  |TAMS 0x0000000087000000, 0x0000000086f00000| Complete 
| 112|0x0000000087000000, 0x0000000087100000, 0x0000000087100000|100%|HS|  |TAMS 0x0000000087100000, 0x0000000087000000| Complete 
| 113|0x0000000087100000, 0x0000000087200000, 0x0000000087200000|100%| O|  |TAMS 0x0000000087100000, 0x0000000087100000| Untracked 
| 114|0x0000000087200000, 0x0000000087300000, 0x0000000087300000|100%| O|  |TAMS 0x0000000087300000, 0x0000000087200000| Untracked 
| 115|0x0000000087300000, 0x0000000087400000, 0x0000000087400000|100%| O|  |TAMS 0x0000000087400000, 0x0000000087300000| Untracked 
| 116|0x0000000087400000, 0x0000000087500000, 0x0000000087500000|100%| O|  |TAMS 0x0000000087500000, 0x0000000087400000| Untracked 
| 117|0x0000000087500000, 0x0000000087600000, 0x0000000087600000|100%| O|  |TAMS 0x0000000087600000, 0x0000000087500000| Untracked 
| 118|0x0000000087600000, 0x0000000087700000, 0x0000000087700000|100%| O|  |TAMS 0x0000000087700000, 0x0000000087600000| Untracked 
| 119|0x0000000087700000, 0x0000000087800000, 0x0000000087800000|100%| O|  |TAMS 0x0000000087800000, 0x0000000087700000| Untracked 
| 120|0x0000000087800000, 0x0000000087900000, 0x0000000087900000|100%| O|  |TAMS 0x0000000087900000, 0x0000000087800000| Untracked 
| 121|0x0000000087900000, 0x0000000087a00000, 0x0000000087a00000|100%| O|  |TAMS 0x0000000087a00000, 0x0000000087900000| Untracked 
| 122|0x0000000087a00000, 0x0000000087b00000, 0x0000000087b00000|100%| O|  |TAMS 0x0000000087b00000, 0x0000000087a00000| Untracked 
| 123|0x0000000087b00000, 0x0000000087c00000, 0x0000000087c00000|100%| O|  |TAMS 0x0000000087c00000, 0x0000000087b00000| Untracked 
| 124|0x0000000087c00000, 0x0000000087d00000, 0x0000000087d00000|100%| O|  |TAMS 0x0000000087d00000, 0x0000000087c00000| Untracked 
| 125|0x0000000087d00000, 0x0000000087e00000, 0x0000000087e00000|100%| O|  |TAMS 0x0000000087e00000, 0x0000000087d00000| Untracked 
| 126|0x0000000087e00000, 0x0000000087f00000, 0x0000000087f00000|100%| O|  |TAMS 0x0000000087f00000, 0x0000000087e00000| Untracked 
| 127|0x0000000087f00000, 0x0000000088000000, 0x0000000088000000|100%| O|  |TAMS 0x0000000088000000, 0x0000000087f00000| Untracked 
| 128|0x0000000088000000, 0x0000000088100000, 0x0000000088100000|100%| O|  |TAMS 0x0000000088100000, 0x0000000088000000| Untracked 
| 129|0x0000000088100000, 0x0000000088200000, 0x0000000088200000|100%| O|  |TAMS 0x0000000088200000, 0x0000000088100000| Untracked 
| 130|0x0000000088200000, 0x0000000088300000, 0x0000000088300000|100%| O|  |TAMS 0x0000000088300000, 0x0000000088200000| Untracked 
| 131|0x0000000088300000, 0x0000000088400000, 0x0000000088400000|100%| O|  |TAMS 0x0000000088400000, 0x0000000088300000| Untracked 
| 132|0x0000000088400000, 0x0000000088500000, 0x0000000088500000|100%| O|  |TAMS 0x0000000088500000, 0x0000000088400000| Untracked 
| 133|0x0000000088500000, 0x0000000088600000, 0x0000000088600000|100%| O|  |TAMS 0x0000000088600000, 0x0000000088500000| Untracked 
| 134|0x0000000088600000, 0x0000000088700000, 0x0000000088700000|100%| O|  |TAMS 0x0000000088700000, 0x0000000088600000| Untracked 
| 135|0x0000000088700000, 0x0000000088800000, 0x0000000088800000|100%| O|  |TAMS 0x0000000088800000, 0x0000000088700000| Untracked 
| 136|0x0000000088800000, 0x0000000088900000, 0x0000000088900000|100%|HS|  |TAMS 0x0000000088900000, 0x0000000088800000| Complete 
| 137|0x0000000088900000, 0x0000000088a00000, 0x0000000088a00000|100%| O|  |TAMS 0x0000000088a00000, 0x0000000088900000| Untracked 
| 138|0x0000000088a00000, 0x0000000088b00000, 0x0000000088b00000|100%| O|  |TAMS 0x0000000088b00000, 0x0000000088a00000| Untracked 
| 139|0x0000000088b00000, 0x0000000088c00000, 0x0000000088c00000|100%| O|  |TAMS 0x0000000088c00000, 0x0000000088b00000| Untracked 
| 140|0x0000000088c00000, 0x0000000088d00000, 0x0000000088d00000|100%| O|  |TAMS 0x0000000088d00000, 0x0000000088c00000| Untracked 
| 141|0x0000000088d00000, 0x0000000088e00000, 0x0000000088e00000|100%| O|  |TAMS 0x0000000088e00000, 0x0000000088d00000| Untracked 
| 142|0x0000000088e00000, 0x0000000088f00000, 0x0000000088f00000|100%| O|  |TAMS 0x0000000088f00000, 0x0000000088e00000| Untracked 
| 143|0x0000000088f00000, 0x0000000089000000, 0x0000000089000000|100%| O|  |TAMS 0x0000000089000000, 0x0000000088f00000| Untracked 
| 144|0x0000000089000000, 0x0000000089100000, 0x0000000089100000|100%| O|  |TAMS 0x0000000089100000, 0x0000000089000000| Untracked 
| 145|0x0000000089100000, 0x0000000089200000, 0x0000000089200000|100%| O|  |TAMS 0x0000000089200000, 0x0000000089100000| Untracked 
| 146|0x0000000089200000, 0x0000000089300000, 0x0000000089300000|100%| O|  |TAMS 0x0000000089300000, 0x0000000089200000| Untracked 
| 147|0x0000000089300000, 0x0000000089400000, 0x0000000089400000|100%| O|  |TAMS 0x0000000089300000, 0x0000000089300000| Untracked 
| 148|0x0000000089400000, 0x0000000089500000, 0x0000000089500000|100%| O|  |TAMS 0x0000000089500000, 0x0000000089400000| Untracked 
| 149|0x0000000089500000, 0x0000000089600000, 0x0000000089600000|100%| O|  |TAMS 0x0000000089600000, 0x0000000089500000| Untracked 
| 150|0x0000000089600000, 0x0000000089700000, 0x0000000089700000|100%| O|  |TAMS 0x0000000089700000, 0x0000000089600000| Untracked 
| 151|0x0000000089700000, 0x0000000089800000, 0x0000000089800000|100%| O|  |TAMS 0x0000000089800000, 0x0000000089700000| Untracked 
| 152|0x0000000089800000, 0x0000000089900000, 0x0000000089900000|100%| O|  |TAMS 0x0000000089900000, 0x0000000089800000| Untracked 
| 153|0x0000000089900000, 0x0000000089a00000, 0x0000000089a00000|100%| O|  |TAMS 0x0000000089a00000, 0x0000000089900000| Untracked 
| 154|0x0000000089a00000, 0x0000000089b00000, 0x0000000089b00000|100%| O|  |TAMS 0x0000000089b00000, 0x0000000089a00000| Untracked 
| 155|0x0000000089b00000, 0x0000000089c00000, 0x0000000089c00000|100%| O|  |TAMS 0x0000000089c00000, 0x0000000089b00000| Untracked 
| 156|0x0000000089c00000, 0x0000000089d00000, 0x0000000089d00000|100%| O|  |TAMS 0x0000000089d00000, 0x0000000089c00000| Untracked 
| 157|0x0000000089d00000, 0x0000000089e00000, 0x0000000089e00000|100%| O|  |TAMS 0x0000000089e00000, 0x0000000089d00000| Untracked 
| 158|0x0000000089e00000, 0x0000000089f00000, 0x0000000089f00000|100%| O|  |TAMS 0x0000000089f00000, 0x0000000089e00000| Untracked 
| 159|0x0000000089f00000, 0x000000008a000000, 0x000000008a000000|100%| O|  |TAMS 0x0000000089f00000, 0x0000000089f00000| Untracked 
| 160|0x000000008a000000, 0x000000008a100000, 0x000000008a100000|100%| O|  |TAMS 0x000000008a000000, 0x000000008a000000| Untracked 
| 161|0x000000008a100000, 0x000000008a200000, 0x000000008a200000|100%| O|  |TAMS 0x000000008a200000, 0x000000008a100000| Untracked 
| 162|0x000000008a200000, 0x000000008a300000, 0x000000008a300000|100%| O|  |TAMS 0x000000008a300000, 0x000000008a200000| Untracked 
| 163|0x000000008a300000, 0x000000008a400000, 0x000000008a400000|100%| O|  |TAMS 0x000000008a400000, 0x000000008a300000| Untracked 
| 164|0x000000008a400000, 0x000000008a500000, 0x000000008a500000|100%| O|  |TAMS 0x000000008a500000, 0x000000008a400000| Untracked 
| 165|0x000000008a500000, 0x000000008a600000, 0x000000008a600000|100%| O|  |TAMS 0x000000008a600000, 0x000000008a500000| Untracked 
| 166|0x000000008a600000, 0x000000008a700000, 0x000000008a700000|100%| O|  |TAMS 0x000000008a700000, 0x000000008a600000| Untracked 
| 167|0x000000008a700000, 0x000000008a800000, 0x000000008a800000|100%| O|  |TAMS 0x000000008a800000, 0x000000008a700000| Untracked 
| 168|0x000000008a800000, 0x000000008a900000, 0x000000008a900000|100%| O|  |TAMS 0x000000008a900000, 0x000000008a800000| Untracked 
| 169|0x000000008a900000, 0x000000008aa00000, 0x000000008aa00000|100%| O|  |TAMS 0x000000008aa00000, 0x000000008a900000| Untracked 
| 170|0x000000008aa00000, 0x000000008ab00000, 0x000000008ab00000|100%| O|  |TAMS 0x000000008ab00000, 0x000000008aa00000| Untracked 
| 171|0x000000008ab00000, 0x000000008ac00000, 0x000000008ac00000|100%| O|  |TAMS 0x000000008ac00000, 0x000000008ab00000| Untracked 
| 172|0x000000008ac00000, 0x000000008ad00000, 0x000000008ad00000|100%| O|  |TAMS 0x000000008ad00000, 0x000000008ac00000| Untracked 
| 173|0x000000008ad00000, 0x000000008ae00000, 0x000000008ae00000|100%| O|  |TAMS 0x000000008ae00000, 0x000000008ad00000| Untracked 
| 174|0x000000008ae00000, 0x000000008af00000, 0x000000008af00000|100%| O|  |TAMS 0x000000008af00000, 0x000000008ae00000| Untracked 
| 175|0x000000008af00000, 0x000000008b000000, 0x000000008b000000|100%| O|  |TAMS 0x000000008b000000, 0x000000008af00000| Untracked 
| 176|0x000000008b000000, 0x000000008b100000, 0x000000008b100000|100%| O|  |TAMS 0x000000008b100000, 0x000000008b000000| Untracked 
| 177|0x000000008b100000, 0x000000008b200000, 0x000000008b200000|100%| O|  |TAMS 0x000000008b200000, 0x000000008b100000| Untracked 
| 178|0x000000008b200000, 0x000000008b300000, 0x000000008b300000|100%| O|  |TAMS 0x000000008b300000, 0x000000008b200000| Untracked 
| 179|0x000000008b300000, 0x000000008b400000, 0x000000008b400000|100%| O|  |TAMS 0x000000008b400000, 0x000000008b300000| Untracked 
| 180|0x000000008b400000, 0x000000008b500000, 0x000000008b500000|100%| O|  |TAMS 0x000000008b500000, 0x000000008b400000| Untracked 
| 181|0x000000008b500000, 0x000000008b600000, 0x000000008b600000|100%| O|  |TAMS 0x000000008b600000, 0x000000008b500000| Untracked 
| 182|0x000000008b600000, 0x000000008b700000, 0x000000008b700000|100%| O|  |TAMS 0x000000008b700000, 0x000000008b600000| Untracked 
| 183|0x000000008b700000, 0x000000008b800000, 0x000000008b800000|100%| O|  |TAMS 0x000000008b800000, 0x000000008b700000| Untracked 
| 184|0x000000008b800000, 0x000000008b900000, 0x000000008b900000|100%| O|  |TAMS 0x000000008b900000, 0x000000008b800000| Untracked 
| 185|0x000000008b900000, 0x000000008ba00000, 0x000000008ba00000|100%| O|  |TAMS 0x000000008ba00000, 0x000000008b900000| Untracked 
| 186|0x000000008ba00000, 0x000000008bb00000, 0x000000008bb00000|100%| O|  |TAMS 0x000000008bb00000, 0x000000008ba00000| Untracked 
| 187|0x000000008bb00000, 0x000000008bc00000, 0x000000008bc00000|100%| O|  |TAMS 0x000000008bc00000, 0x000000008bb00000| Untracked 
| 188|0x000000008bc00000, 0x000000008bd00000, 0x000000008bd00000|100%| O|  |TAMS 0x000000008bd00000, 0x000000008bc00000| Untracked 
| 189|0x000000008bd00000, 0x000000008be00000, 0x000000008be00000|100%|HS|  |TAMS 0x000000008be00000, 0x000000008bd00000| Complete 
| 190|0x000000008be00000, 0x000000008bf00000, 0x000000008bf00000|100%|HC|  |TAMS 0x000000008bf00000, 0x000000008be00000| Complete 
| 191|0x000000008bf00000, 0x000000008c000000, 0x000000008c000000|100%| O|  |TAMS 0x000000008c000000, 0x000000008bf00000| Untracked 
| 192|0x000000008c000000, 0x000000008c100000, 0x000000008c100000|100%|HS|  |TAMS 0x000000008c000000, 0x000000008c000000| Complete 
| 193|0x000000008c100000, 0x000000008c200000, 0x000000008c200000|100%|HC|  |TAMS 0x000000008c100000, 0x000000008c100000| Complete 
| 194|0x000000008c200000, 0x000000008c300000, 0x000000008c300000|100%| O|  |TAMS 0x000000008c200000, 0x000000008c200000| Untracked 
| 195|0x000000008c300000, 0x000000008c400000, 0x000000008c400000|100%| O|  |TAMS 0x000000008c300000, 0x000000008c300000| Untracked 
| 196|0x000000008c400000, 0x000000008c500000, 0x000000008c500000|100%| O|  |TAMS 0x000000008c400000, 0x000000008c400000| Untracked 
| 197|0x000000008c500000, 0x000000008c600000, 0x000000008c600000|100%| O|  |TAMS 0x000000008c500000, 0x000000008c500000| Untracked 
| 198|0x000000008c600000, 0x000000008c700000, 0x000000008c700000|100%| O|  |TAMS 0x000000008c700000, 0x000000008c600000| Untracked 
| 199|0x000000008c700000, 0x000000008c800000, 0x000000008c800000|100%| O|  |TAMS 0x000000008c800000, 0x000000008c700000| Untracked 
| 200|0x000000008c800000, 0x000000008c900000, 0x000000008c900000|100%| O|  |TAMS 0x000000008c900000, 0x000000008c800000| Untracked 
| 201|0x000000008c900000, 0x000000008ca00000, 0x000000008ca00000|100%| O|  |TAMS 0x000000008c900000, 0x000000008c900000| Untracked 
| 202|0x000000008ca00000, 0x000000008cb00000, 0x000000008cb00000|100%| O|  |TAMS 0x000000008cb00000, 0x000000008ca00000| Untracked 
| 203|0x000000008cb00000, 0x000000008cc00000, 0x000000008cc00000|100%| O|  |TAMS 0x000000008cc00000, 0x000000008cb00000| Untracked 
| 204|0x000000008cc00000, 0x000000008cd00000, 0x000000008cd00000|100%| O|  |TAMS 0x000000008cd00000, 0x000000008cc00000| Untracked 
| 205|0x000000008cd00000, 0x000000008ce00000, 0x000000008ce00000|100%| O|  |TAMS 0x000000008ce00000, 0x000000008cd00000| Untracked 
| 206|0x000000008ce00000, 0x000000008cf00000, 0x000000008cf00000|100%| O|  |TAMS 0x000000008cf00000, 0x000000008ce00000| Untracked 
| 207|0x000000008cf00000, 0x000000008d000000, 0x000000008d000000|100%| O|  |TAMS 0x000000008cf00000, 0x000000008cf00000| Untracked 
| 208|0x000000008d000000, 0x000000008d100000, 0x000000008d100000|100%| O|  |TAMS 0x000000008d000000, 0x000000008d000000| Untracked 
| 209|0x000000008d100000, 0x000000008d200000, 0x000000008d200000|100%| O|  |TAMS 0x000000008d100000, 0x000000008d100000| Untracked 
| 210|0x000000008d200000, 0x000000008d300000, 0x000000008d300000|100%| O|  |TAMS 0x000000008d200000, 0x000000008d200000| Untracked 
| 211|0x000000008d300000, 0x000000008d400000, 0x000000008d400000|100%| O|  |TAMS 0x000000008d300000, 0x000000008d300000| Untracked 
| 212|0x000000008d400000, 0x000000008d500000, 0x000000008d500000|100%| O|  |TAMS 0x000000008d400000, 0x000000008d400000| Untracked 
| 213|0x000000008d500000, 0x000000008d600000, 0x000000008d600000|100%| O|  |TAMS 0x000000008d600000, 0x000000008d500000| Untracked 
| 214|0x000000008d600000, 0x000000008d700000, 0x000000008d700000|100%| O|  |TAMS 0x000000008d700000, 0x000000008d600000| Untracked 
| 215|0x000000008d700000, 0x000000008d800000, 0x000000008d800000|100%| O|  |TAMS 0x000000008d700000, 0x000000008d700000| Untracked 
| 216|0x000000008d800000, 0x000000008d82c600, 0x000000008d900000| 17%| O|  |TAMS 0x000000008d800000, 0x000000008d800000| Untracked 
| 217|0x000000008d900000, 0x000000008d900000, 0x000000008da00000|  0%| F|  |TAMS 0x000000008d900000, 0x000000008d900000| Untracked 
| 218|0x000000008da00000, 0x000000008da00000, 0x000000008db00000|  0%| F|  |TAMS 0x000000008da00000, 0x000000008da00000| Untracked 
| 219|0x000000008db00000, 0x000000008db00000, 0x000000008dc00000|  0%| F|  |TAMS 0x000000008db00000, 0x000000008db00000| Untracked 
| 220|0x000000008dc00000, 0x000000008dc00000, 0x000000008dd00000|  0%| F|  |TAMS 0x000000008dc00000, 0x000000008dc00000| Untracked 
| 221|0x000000008dd00000, 0x000000008de00000, 0x000000008de00000|100%| O|  |TAMS 0x000000008de00000, 0x000000008dd00000| Untracked 
| 222|0x000000008de00000, 0x000000008df00000, 0x000000008df00000|100%| O|  |TAMS 0x000000008df00000, 0x000000008de00000| Untracked 
| 223|0x000000008df00000, 0x000000008df00000, 0x000000008e000000|  0%| F|  |TAMS 0x000000008df00000, 0x000000008df00000| Untracked 
| 224|0x000000008e000000, 0x000000008e100000, 0x000000008e100000|100%| O|  |TAMS 0x000000008e100000, 0x000000008e000000| Untracked 
| 225|0x000000008e100000, 0x000000008e100000, 0x000000008e200000|  0%| F|  |TAMS 0x000000008e100000, 0x000000008e100000| Untracked 
| 226|0x000000008e200000, 0x000000008e200000, 0x000000008e300000|  0%| F|  |TAMS 0x000000008e200000, 0x000000008e200000| Untracked 
| 227|0x000000008e300000, 0x000000008e300000, 0x000000008e400000|  0%| F|  |TAMS 0x000000008e300000, 0x000000008e300000| Untracked 
| 228|0x000000008e400000, 0x000000008e400000, 0x000000008e500000|  0%| F|  |TAMS 0x000000008e400000, 0x000000008e400000| Untracked 
| 229|0x000000008e500000, 0x000000008e500000, 0x000000008e600000|  0%| F|  |TAMS 0x000000008e500000, 0x000000008e500000| Untracked 
| 230|0x000000008e600000, 0x000000008e600000, 0x000000008e700000|  0%| F|  |TAMS 0x000000008e600000, 0x000000008e600000| Untracked 
| 231|0x000000008e700000, 0x000000008e700000, 0x000000008e800000|  0%| F|  |TAMS 0x000000008e700000, 0x000000008e700000| Untracked 
| 232|0x000000008e800000, 0x000000008e800000, 0x000000008e900000|  0%| F|  |TAMS 0x000000008e800000, 0x000000008e800000| Untracked 
| 233|0x000000008e900000, 0x000000008e900000, 0x000000008ea00000|  0%| F|  |TAMS 0x000000008e900000, 0x000000008e900000| Untracked 
| 234|0x000000008ea00000, 0x000000008ea00000, 0x000000008eb00000|  0%| F|  |TAMS 0x000000008ea00000, 0x000000008ea00000| Untracked 
| 235|0x000000008eb00000, 0x000000008eb00000, 0x000000008ec00000|  0%| F|  |TAMS 0x000000008eb00000, 0x000000008eb00000| Untracked 
| 236|0x000000008ec00000, 0x000000008ec00000, 0x000000008ed00000|  0%| F|  |TAMS 0x000000008ec00000, 0x000000008ec00000| Untracked 
| 237|0x000000008ed00000, 0x000000008ed00000, 0x000000008ee00000|  0%| F|  |TAMS 0x000000008ed00000, 0x000000008ed00000| Untracked 
| 238|0x000000008ee00000, 0x000000008ee00000, 0x000000008ef00000|  0%| F|  |TAMS 0x000000008ee00000, 0x000000008ee00000| Untracked 
| 239|0x000000008ef00000, 0x000000008ef00000, 0x000000008f000000|  0%| F|  |TAMS 0x000000008ef00000, 0x000000008ef00000| Untracked 
| 240|0x000000008f000000, 0x000000008f000000, 0x000000008f100000|  0%| F|  |TAMS 0x000000008f000000, 0x000000008f000000| Untracked 
| 241|0x000000008f100000, 0x000000008f100000, 0x000000008f200000|  0%| F|  |TAMS 0x000000008f100000, 0x000000008f100000| Untracked 
| 242|0x000000008f200000, 0x000000008f200000, 0x000000008f300000|  0%| F|  |TAMS 0x000000008f200000, 0x000000008f200000| Untracked 
| 243|0x000000008f300000, 0x000000008f300000, 0x000000008f400000|  0%| F|  |TAMS 0x000000008f300000, 0x000000008f300000| Untracked 
| 244|0x000000008f400000, 0x000000008f500000, 0x000000008f500000|100%| O|  |TAMS 0x000000008f500000, 0x000000008f400000| Untracked 
| 245|0x000000008f500000, 0x000000008f600000, 0x000000008f600000|100%| O|  |TAMS 0x000000008f600000, 0x000000008f500000| Untracked 
| 246|0x000000008f600000, 0x000000008f700000, 0x000000008f700000|100%| O|  |TAMS 0x000000008f700000, 0x000000008f600000| Untracked 
| 247|0x000000008f700000, 0x000000008f800000, 0x000000008f800000|100%| O|  |TAMS 0x000000008f800000, 0x000000008f700000| Untracked 
| 248|0x000000008f800000, 0x000000008f900000, 0x000000008f900000|100%| O|  |TAMS 0x000000008f900000, 0x000000008f800000| Untracked 
| 249|0x000000008f900000, 0x000000008f900000, 0x000000008fa00000|  0%| F|  |TAMS 0x000000008f900000, 0x000000008f900000| Untracked 
| 250|0x000000008fa00000, 0x000000008fa00000, 0x000000008fb00000|  0%| F|  |TAMS 0x000000008fa00000, 0x000000008fa00000| Untracked 
| 251|0x000000008fb00000, 0x000000008fc00000, 0x000000008fc00000|100%| O|  |TAMS 0x000000008fc00000, 0x000000008fb00000| Untracked 
| 252|0x000000008fc00000, 0x000000008fd00000, 0x000000008fd00000|100%| O|  |TAMS 0x000000008fd00000, 0x000000008fc00000| Untracked 
| 253|0x000000008fd00000, 0x000000008fe00000, 0x000000008fe00000|100%| O|  |TAMS 0x000000008fe00000, 0x000000008fd00000| Untracked 
| 254|0x000000008fe00000, 0x000000008ff00000, 0x000000008ff00000|100%| O|  |TAMS 0x000000008ff00000, 0x000000008fe00000| Untracked 
| 255|0x000000008ff00000, 0x0000000090000000, 0x0000000090000000|100%| O|  |TAMS 0x0000000090000000, 0x000000008ff00000| Untracked 
| 256|0x0000000090000000, 0x0000000090100000, 0x0000000090100000|100%| O|  |TAMS 0x0000000090100000, 0x0000000090000000| Untracked 
| 257|0x0000000090100000, 0x0000000090200000, 0x0000000090200000|100%| O|  |TAMS 0x0000000090200000, 0x0000000090100000| Untracked 
| 258|0x0000000090200000, 0x0000000090300000, 0x0000000090300000|100%| O|  |TAMS 0x0000000090300000, 0x0000000090200000| Untracked 
| 259|0x0000000090300000, 0x0000000090400000, 0x0000000090400000|100%| O|  |TAMS 0x0000000090400000, 0x0000000090300000| Untracked 
| 260|0x0000000090400000, 0x0000000090500000, 0x0000000090500000|100%| O|  |TAMS 0x0000000090500000, 0x0000000090400000| Untracked 
| 261|0x0000000090500000, 0x0000000090600000, 0x0000000090600000|100%| O|  |TAMS 0x0000000090600000, 0x0000000090500000| Untracked 
| 262|0x0000000090600000, 0x0000000090600000, 0x0000000090700000|  0%| F|  |TAMS 0x0000000090600000, 0x0000000090600000| Untracked 
| 263|0x0000000090700000, 0x0000000090700000, 0x0000000090800000|  0%| F|  |TAMS 0x0000000090700000, 0x0000000090700000| Untracked 
| 264|0x0000000090800000, 0x0000000090800000, 0x0000000090900000|  0%| F|  |TAMS 0x0000000090800000, 0x0000000090800000| Untracked 
| 265|0x0000000090900000, 0x0000000090a00000, 0x0000000090a00000|100%| O|  |TAMS 0x0000000090934200, 0x0000000090900000| Untracked 
| 266|0x0000000090a00000, 0x0000000090a00000, 0x0000000090b00000|  0%| F|  |TAMS 0x0000000090a00000, 0x0000000090a00000| Untracked 
| 267|0x0000000090b00000, 0x0000000090b00000, 0x0000000090c00000|  0%| F|  |TAMS 0x0000000090b00000, 0x0000000090b00000| Untracked 
| 268|0x0000000090c00000, 0x0000000090c00000, 0x0000000090d00000|  0%| F|  |TAMS 0x0000000090c00000, 0x0000000090c00000| Untracked 
| 269|0x0000000090d00000, 0x0000000090e00000, 0x0000000090e00000|100%| O|  |TAMS 0x0000000090d00000, 0x0000000090d00000| Untracked 
| 270|0x0000000090e00000, 0x0000000090f00000, 0x0000000090f00000|100%| O|  |TAMS 0x0000000090e00000, 0x0000000090e00000| Untracked 
| 271|0x0000000090f00000, 0x0000000090f00000, 0x0000000091000000|  0%| F|  |TAMS 0x0000000090f00000, 0x0000000090f00000| Untracked 
| 272|0x0000000091000000, 0x0000000091000000, 0x0000000091100000|  0%| F|  |TAMS 0x0000000091000000, 0x0000000091000000| Untracked 
| 273|0x0000000091100000, 0x0000000091100000, 0x0000000091200000|  0%| F|  |TAMS 0x0000000091100000, 0x0000000091100000| Untracked 
| 274|0x0000000091200000, 0x0000000091200000, 0x0000000091300000|  0%| F|  |TAMS 0x0000000091200000, 0x0000000091200000| Untracked 
| 275|0x0000000091300000, 0x0000000091300000, 0x0000000091400000|  0%| F|  |TAMS 0x0000000091300000, 0x0000000091300000| Untracked 
| 276|0x0000000091400000, 0x0000000091500000, 0x0000000091500000|100%|HS|  |TAMS 0x0000000091400000, 0x0000000091400000| Complete 
| 277|0x0000000091500000, 0x0000000091600000, 0x0000000091600000|100%|HC|  |TAMS 0x0000000091500000, 0x0000000091500000| Complete 
| 278|0x0000000091600000, 0x0000000091700000, 0x0000000091700000|100%|HC|  |TAMS 0x0000000091600000, 0x0000000091600000| Complete 
| 279|0x0000000091700000, 0x0000000091800000, 0x0000000091800000|100%|HC|  |TAMS 0x0000000091700000, 0x0000000091700000| Complete 
| 280|0x0000000091800000, 0x0000000091900000, 0x0000000091900000|100%|HC|  |TAMS 0x0000000091800000, 0x0000000091800000| Complete 
| 281|0x0000000091900000, 0x0000000091a00000, 0x0000000091a00000|100%|HC|  |TAMS 0x0000000091900000, 0x0000000091900000| Complete 
| 282|0x0000000091a00000, 0x0000000091b00000, 0x0000000091b00000|100%|HC|  |TAMS 0x0000000091a00000, 0x0000000091a00000| Complete 
| 283|0x0000000091b00000, 0x0000000091b00000, 0x0000000091c00000|  0%| F|  |TAMS 0x0000000091b00000, 0x0000000091b00000| Untracked 
| 284|0x0000000091c00000, 0x0000000091c00000, 0x0000000091d00000|  0%| F|  |TAMS 0x0000000091c00000, 0x0000000091c00000| Untracked 
| 285|0x0000000091d00000, 0x0000000091d00000, 0x0000000091e00000|  0%| F|  |TAMS 0x0000000091d00000, 0x0000000091d00000| Untracked 
| 286|0x0000000091e00000, 0x0000000091e00000, 0x0000000091f00000|  0%| F|  |TAMS 0x0000000091e00000, 0x0000000091e00000| Untracked 
| 287|0x0000000091f00000, 0x0000000091f00000, 0x0000000092000000|  0%| F|  |TAMS 0x0000000091f00000, 0x0000000091f00000| Untracked 
| 288|0x0000000092000000, 0x0000000092000000, 0x0000000092100000|  0%| F|  |TAMS 0x0000000092000000, 0x0000000092000000| Untracked 
| 289|0x0000000092100000, 0x0000000092100000, 0x0000000092200000|  0%| F|  |TAMS 0x0000000092100000, 0x0000000092100000| Untracked 
| 290|0x0000000092200000, 0x0000000092200000, 0x0000000092300000|  0%| F|  |TAMS 0x0000000092200000, 0x0000000092200000| Untracked 
| 291|0x0000000092300000, 0x0000000092300000, 0x0000000092400000|  0%| F|  |TAMS 0x0000000092300000, 0x0000000092300000| Untracked 
| 292|0x0000000092400000, 0x0000000092400000, 0x0000000092500000|  0%| F|  |TAMS 0x0000000092400000, 0x0000000092400000| Untracked 
| 293|0x0000000092500000, 0x0000000092500000, 0x0000000092600000|  0%| F|  |TAMS 0x0000000092500000, 0x0000000092500000| Untracked 
| 294|0x0000000092600000, 0x0000000092600000, 0x0000000092700000|  0%| F|  |TAMS 0x0000000092600000, 0x0000000092600000| Untracked 
| 295|0x0000000092700000, 0x0000000092700000, 0x0000000092800000|  0%| F|  |TAMS 0x0000000092700000, 0x0000000092700000| Untracked 
| 296|0x0000000092800000, 0x0000000092800000, 0x0000000092900000|  0%| F|  |TAMS 0x0000000092800000, 0x0000000092800000| Untracked 
| 297|0x0000000092900000, 0x0000000092900000, 0x0000000092a00000|  0%| F|  |TAMS 0x0000000092900000, 0x0000000092900000| Untracked 
| 298|0x0000000092a00000, 0x0000000092a00000, 0x0000000092b00000|  0%| F|  |TAMS 0x0000000092a00000, 0x0000000092a00000| Untracked 
| 299|0x0000000092b00000, 0x0000000092b00000, 0x0000000092c00000|  0%| F|  |TAMS 0x0000000092b00000, 0x0000000092b00000| Untracked 
| 300|0x0000000092c00000, 0x0000000092c00000, 0x0000000092d00000|  0%| F|  |TAMS 0x0000000092c00000, 0x0000000092c00000| Untracked 
| 301|0x0000000092d00000, 0x0000000092d00000, 0x0000000092e00000|  0%| F|  |TAMS 0x0000000092d00000, 0x0000000092d00000| Untracked 
| 302|0x0000000092e00000, 0x0000000092ec1b78, 0x0000000092f00000| 75%| S|CS|TAMS 0x0000000092e00000, 0x0000000092e00000| Complete 
| 303|0x0000000092f00000, 0x0000000093000000, 0x0000000093000000|100%| S|CS|TAMS 0x0000000092f00000, 0x0000000092f00000| Complete 
| 304|0x0000000093000000, 0x0000000093100000, 0x0000000093100000|100%| S|CS|TAMS 0x0000000093000000, 0x0000000093000000| Complete 
| 305|0x0000000093100000, 0x0000000093100000, 0x0000000093200000|  0%| F|  |TAMS 0x0000000093100000, 0x0000000093100000| Untracked 
| 306|0x0000000093200000, 0x0000000093200000, 0x0000000093300000|  0%| F|  |TAMS 0x0000000093200000, 0x0000000093200000| Untracked 
| 307|0x0000000093300000, 0x0000000093300000, 0x0000000093400000|  0%| F|  |TAMS 0x0000000093300000, 0x0000000093300000| Untracked 
| 308|0x0000000093400000, 0x0000000093400000, 0x0000000093500000|  0%| F|  |TAMS 0x0000000093400000, 0x0000000093400000| Untracked 
| 309|0x0000000093500000, 0x0000000093500000, 0x0000000093600000|  0%| F|  |TAMS 0x0000000093500000, 0x0000000093500000| Untracked 
| 310|0x0000000093600000, 0x0000000093600000, 0x0000000093700000|  0%| F|  |TAMS 0x0000000093600000, 0x0000000093600000| Untracked 
| 311|0x0000000093700000, 0x0000000093700000, 0x0000000093800000|  0%| F|  |TAMS 0x0000000093700000, 0x0000000093700000| Untracked 
| 312|0x0000000093800000, 0x0000000093800000, 0x0000000093900000|  0%| F|  |TAMS 0x0000000093800000, 0x0000000093800000| Untracked 
| 313|0x0000000093900000, 0x0000000093900000, 0x0000000093a00000|  0%| F|  |TAMS 0x0000000093900000, 0x0000000093900000| Untracked 
| 314|0x0000000093a00000, 0x0000000093a00000, 0x0000000093b00000|  0%| F|  |TAMS 0x0000000093a00000, 0x0000000093a00000| Untracked 
| 315|0x0000000093b00000, 0x0000000093b00000, 0x0000000093c00000|  0%| F|  |TAMS 0x0000000093b00000, 0x0000000093b00000| Untracked 
| 316|0x0000000093c00000, 0x0000000093c00000, 0x0000000093d00000|  0%| F|  |TAMS 0x0000000093c00000, 0x0000000093c00000| Untracked 
| 317|0x0000000093d00000, 0x0000000093d00000, 0x0000000093e00000|  0%| F|  |TAMS 0x0000000093d00000, 0x0000000093d00000| Untracked 
| 318|0x0000000093e00000, 0x0000000093e00000, 0x0000000093f00000|  0%| F|  |TAMS 0x0000000093e00000, 0x0000000093e00000| Untracked 
| 319|0x0000000093f00000, 0x0000000093f00000, 0x0000000094000000|  0%| F|  |TAMS 0x0000000093f00000, 0x0000000093f00000| Untracked 
| 320|0x0000000094000000, 0x0000000094000000, 0x0000000094100000|  0%| F|  |TAMS 0x0000000094000000, 0x0000000094000000| Untracked 
| 321|0x0000000094100000, 0x0000000094100000, 0x0000000094200000|  0%| F|  |TAMS 0x0000000094100000, 0x0000000094100000| Untracked 
| 322|0x0000000094200000, 0x0000000094200000, 0x0000000094300000|  0%| F|  |TAMS 0x0000000094200000, 0x0000000094200000| Untracked 
| 323|0x0000000094300000, 0x0000000094300000, 0x0000000094400000|  0%| F|  |TAMS 0x0000000094300000, 0x0000000094300000| Untracked 
| 324|0x0000000094400000, 0x0000000094400000, 0x0000000094500000|  0%| F|  |TAMS 0x0000000094400000, 0x0000000094400000| Untracked 
| 325|0x0000000094500000, 0x0000000094500000, 0x0000000094600000|  0%| F|  |TAMS 0x0000000094500000, 0x0000000094500000| Untracked 
| 326|0x0000000094600000, 0x0000000094600000, 0x0000000094700000|  0%| F|  |TAMS 0x0000000094600000, 0x0000000094600000| Untracked 
| 327|0x0000000094700000, 0x0000000094700000, 0x0000000094800000|  0%| F|  |TAMS 0x0000000094700000, 0x0000000094700000| Untracked 
| 328|0x0000000094800000, 0x0000000094800000, 0x0000000094900000|  0%| F|  |TAMS 0x0000000094800000, 0x0000000094800000| Untracked 
| 329|0x0000000094900000, 0x0000000094900000, 0x0000000094a00000|  0%| F|  |TAMS 0x0000000094900000, 0x0000000094900000| Untracked 
| 330|0x0000000094a00000, 0x0000000094a00000, 0x0000000094b00000|  0%| F|  |TAMS 0x0000000094a00000, 0x0000000094a00000| Untracked 
| 331|0x0000000094b00000, 0x0000000094b00000, 0x0000000094c00000|  0%| F|  |TAMS 0x0000000094b00000, 0x0000000094b00000| Untracked 
| 332|0x0000000094c00000, 0x0000000094c00000, 0x0000000094d00000|  0%| F|  |TAMS 0x0000000094c00000, 0x0000000094c00000| Untracked 
| 333|0x0000000094d00000, 0x0000000094d00000, 0x0000000094e00000|  0%| F|  |TAMS 0x0000000094d00000, 0x0000000094d00000| Untracked 
| 334|0x0000000094e00000, 0x0000000094e00000, 0x0000000094f00000|  0%| F|  |TAMS 0x0000000094e00000, 0x0000000094e00000| Untracked 
| 335|0x0000000094f00000, 0x0000000094f00000, 0x0000000095000000|  0%| F|  |TAMS 0x0000000094f00000, 0x0000000094f00000| Untracked 
| 336|0x0000000095000000, 0x0000000095000000, 0x0000000095100000|  0%| F|  |TAMS 0x0000000095000000, 0x0000000095000000| Untracked 
| 337|0x0000000095100000, 0x0000000095100000, 0x0000000095200000|  0%| F|  |TAMS 0x0000000095100000, 0x0000000095100000| Untracked 
| 338|0x0000000095200000, 0x0000000095200000, 0x0000000095300000|  0%| F|  |TAMS 0x0000000095200000, 0x0000000095200000| Untracked 
| 339|0x0000000095300000, 0x0000000095300000, 0x0000000095400000|  0%| F|  |TAMS 0x0000000095300000, 0x0000000095300000| Untracked 
| 340|0x0000000095400000, 0x0000000095400000, 0x0000000095500000|  0%| F|  |TAMS 0x0000000095400000, 0x0000000095400000| Untracked 
| 341|0x0000000095500000, 0x0000000095500000, 0x0000000095600000|  0%| F|  |TAMS 0x0000000095500000, 0x0000000095500000| Untracked 
| 342|0x0000000095600000, 0x0000000095600000, 0x0000000095700000|  0%| F|  |TAMS 0x0000000095600000, 0x0000000095600000| Untracked 
| 343|0x0000000095700000, 0x0000000095700000, 0x0000000095800000|  0%| F|  |TAMS 0x0000000095700000, 0x0000000095700000| Untracked 
| 344|0x0000000095800000, 0x0000000095800000, 0x0000000095900000|  0%| F|  |TAMS 0x0000000095800000, 0x0000000095800000| Untracked 
| 345|0x0000000095900000, 0x0000000095900000, 0x0000000095a00000|  0%| F|  |TAMS 0x0000000095900000, 0x0000000095900000| Untracked 
| 346|0x0000000095a00000, 0x0000000095a00000, 0x0000000095b00000|  0%| F|  |TAMS 0x0000000095a00000, 0x0000000095a00000| Untracked 
| 347|0x0000000095b00000, 0x0000000095b00000, 0x0000000095c00000|  0%| F|  |TAMS 0x0000000095b00000, 0x0000000095b00000| Untracked 
| 348|0x0000000095c00000, 0x0000000095c00000, 0x0000000095d00000|  0%| F|  |TAMS 0x0000000095c00000, 0x0000000095c00000| Untracked 
| 349|0x0000000095d00000, 0x0000000095d00000, 0x0000000095e00000|  0%| F|  |TAMS 0x0000000095d00000, 0x0000000095d00000| Untracked 
| 350|0x0000000095e00000, 0x0000000095e00000, 0x0000000095f00000|  0%| F|  |TAMS 0x0000000095e00000, 0x0000000095e00000| Untracked 
| 351|0x0000000095f00000, 0x0000000095f00000, 0x0000000096000000|  0%| F|  |TAMS 0x0000000095f00000, 0x0000000095f00000| Untracked 
| 352|0x0000000096000000, 0x0000000096000000, 0x0000000096100000|  0%| F|  |TAMS 0x0000000096000000, 0x0000000096000000| Untracked 
| 353|0x0000000096100000, 0x0000000096100000, 0x0000000096200000|  0%| F|  |TAMS 0x0000000096100000, 0x0000000096100000| Untracked 
| 354|0x0000000096200000, 0x0000000096200000, 0x0000000096300000|  0%| F|  |TAMS 0x0000000096200000, 0x0000000096200000| Untracked 
| 355|0x0000000096300000, 0x0000000096300000, 0x0000000096400000|  0%| F|  |TAMS 0x0000000096300000, 0x0000000096300000| Untracked 
| 356|0x0000000096400000, 0x0000000096400000, 0x0000000096500000|  0%| F|  |TAMS 0x0000000096400000, 0x0000000096400000| Untracked 
| 357|0x0000000096500000, 0x0000000096500000, 0x0000000096600000|  0%| F|  |TAMS 0x0000000096500000, 0x0000000096500000| Untracked 
| 358|0x0000000096600000, 0x0000000096600000, 0x0000000096700000|  0%| F|  |TAMS 0x0000000096600000, 0x0000000096600000| Untracked 
| 359|0x0000000096700000, 0x0000000096700000, 0x0000000096800000|  0%| F|  |TAMS 0x0000000096700000, 0x0000000096700000| Untracked 
| 360|0x0000000096800000, 0x0000000096800000, 0x0000000096900000|  0%| F|  |TAMS 0x0000000096800000, 0x0000000096800000| Untracked 
| 361|0x0000000096900000, 0x0000000096900000, 0x0000000096a00000|  0%| F|  |TAMS 0x0000000096900000, 0x0000000096900000| Untracked 
| 362|0x0000000096a00000, 0x0000000096a00000, 0x0000000096b00000|  0%| F|  |TAMS 0x0000000096a00000, 0x0000000096a00000| Untracked 
| 363|0x0000000096b00000, 0x0000000096b00000, 0x0000000096c00000|  0%| F|  |TAMS 0x0000000096b00000, 0x0000000096b00000| Untracked 
| 364|0x0000000096c00000, 0x0000000096c00000, 0x0000000096d00000|  0%| F|  |TAMS 0x0000000096c00000, 0x0000000096c00000| Untracked 
| 365|0x0000000096d00000, 0x0000000096d00000, 0x0000000096e00000|  0%| F|  |TAMS 0x0000000096d00000, 0x0000000096d00000| Untracked 
| 366|0x0000000096e00000, 0x0000000096e00000, 0x0000000096f00000|  0%| F|  |TAMS 0x0000000096e00000, 0x0000000096e00000| Untracked 
| 367|0x0000000096f00000, 0x0000000096f00000, 0x0000000097000000|  0%| F|  |TAMS 0x0000000096f00000, 0x0000000096f00000| Untracked 
| 368|0x0000000097000000, 0x0000000097000000, 0x0000000097100000|  0%| F|  |TAMS 0x0000000097000000, 0x0000000097000000| Untracked 
| 369|0x0000000097100000, 0x0000000097100000, 0x0000000097200000|  0%| F|  |TAMS 0x0000000097100000, 0x0000000097100000| Untracked 
| 370|0x0000000097200000, 0x0000000097200000, 0x0000000097300000|  0%| F|  |TAMS 0x0000000097200000, 0x0000000097200000| Untracked 
| 371|0x0000000097300000, 0x0000000097300000, 0x0000000097400000|  0%| F|  |TAMS 0x0000000097300000, 0x0000000097300000| Untracked 
| 372|0x0000000097400000, 0x0000000097400000, 0x0000000097500000|  0%| F|  |TAMS 0x0000000097400000, 0x0000000097400000| Untracked 
| 373|0x0000000097500000, 0x0000000097500000, 0x0000000097600000|  0%| F|  |TAMS 0x0000000097500000, 0x0000000097500000| Untracked 
| 374|0x0000000097600000, 0x0000000097600000, 0x0000000097700000|  0%| F|  |TAMS 0x0000000097600000, 0x0000000097600000| Untracked 
| 375|0x0000000097700000, 0x0000000097700000, 0x0000000097800000|  0%| F|  |TAMS 0x0000000097700000, 0x0000000097700000| Untracked 
| 376|0x0000000097800000, 0x0000000097800000, 0x0000000097900000|  0%| F|  |TAMS 0x0000000097800000, 0x0000000097800000| Untracked 
| 377|0x0000000097900000, 0x0000000097900000, 0x0000000097a00000|  0%| F|  |TAMS 0x0000000097900000, 0x0000000097900000| Untracked 
| 378|0x0000000097a00000, 0x0000000097a00000, 0x0000000097b00000|  0%| F|  |TAMS 0x0000000097a00000, 0x0000000097a00000| Untracked 
| 379|0x0000000097b00000, 0x0000000097b00000, 0x0000000097c00000|  0%| F|  |TAMS 0x0000000097b00000, 0x0000000097b00000| Untracked 
| 380|0x0000000097c00000, 0x0000000097c00000, 0x0000000097d00000|  0%| F|  |TAMS 0x0000000097c00000, 0x0000000097c00000| Untracked 
| 381|0x0000000097d00000, 0x0000000097d00000, 0x0000000097e00000|  0%| F|  |TAMS 0x0000000097d00000, 0x0000000097d00000| Untracked 
| 382|0x0000000097e00000, 0x0000000097e00000, 0x0000000097f00000|  0%| F|  |TAMS 0x0000000097e00000, 0x0000000097e00000| Untracked 
| 383|0x0000000097f00000, 0x0000000097f00000, 0x0000000098000000|  0%| F|  |TAMS 0x0000000097f00000, 0x0000000097f00000| Untracked 
| 384|0x0000000098000000, 0x0000000098000000, 0x0000000098100000|  0%| F|  |TAMS 0x0000000098000000, 0x0000000098000000| Untracked 
| 385|0x0000000098100000, 0x0000000098100000, 0x0000000098200000|  0%| F|  |TAMS 0x0000000098100000, 0x0000000098100000| Untracked 
| 386|0x0000000098200000, 0x0000000098200000, 0x0000000098300000|  0%| F|  |TAMS 0x0000000098200000, 0x0000000098200000| Untracked 
| 387|0x0000000098300000, 0x0000000098300000, 0x0000000098400000|  0%| F|  |TAMS 0x0000000098300000, 0x0000000098300000| Untracked 
| 388|0x0000000098400000, 0x0000000098400000, 0x0000000098500000|  0%| F|  |TAMS 0x0000000098400000, 0x0000000098400000| Untracked 
| 389|0x0000000098500000, 0x0000000098500000, 0x0000000098600000|  0%| F|  |TAMS 0x0000000098500000, 0x0000000098500000| Untracked 
| 390|0x0000000098600000, 0x0000000098600000, 0x0000000098700000|  0%| F|  |TAMS 0x0000000098600000, 0x0000000098600000| Untracked 
| 391|0x0000000098700000, 0x0000000098700000, 0x0000000098800000|  0%| F|  |TAMS 0x0000000098700000, 0x0000000098700000| Untracked 
| 392|0x0000000098800000, 0x0000000098800000, 0x0000000098900000|  0%| F|  |TAMS 0x0000000098800000, 0x0000000098800000| Untracked 
| 393|0x0000000098900000, 0x0000000098900000, 0x0000000098a00000|  0%| F|  |TAMS 0x0000000098900000, 0x0000000098900000| Untracked 
| 394|0x0000000098a00000, 0x0000000098a00000, 0x0000000098b00000|  0%| F|  |TAMS 0x0000000098a00000, 0x0000000098a00000| Untracked 
| 395|0x0000000098b00000, 0x0000000098b00000, 0x0000000098c00000|  0%| F|  |TAMS 0x0000000098b00000, 0x0000000098b00000| Untracked 
| 396|0x0000000098c00000, 0x0000000098c00000, 0x0000000098d00000|  0%| F|  |TAMS 0x0000000098c00000, 0x0000000098c00000| Untracked 
| 397|0x0000000098d00000, 0x0000000098d00000, 0x0000000098e00000|  0%| F|  |TAMS 0x0000000098d00000, 0x0000000098d00000| Untracked 
| 398|0x0000000098e00000, 0x0000000098e00000, 0x0000000098f00000|  0%| F|  |TAMS 0x0000000098e00000, 0x0000000098e00000| Untracked 
| 399|0x0000000098f00000, 0x0000000098f00000, 0x0000000099000000|  0%| F|  |TAMS 0x0000000098f00000, 0x0000000098f00000| Untracked 
| 400|0x0000000099000000, 0x0000000099000000, 0x0000000099100000|  0%| F|  |TAMS 0x0000000099000000, 0x0000000099000000| Untracked 
| 401|0x0000000099100000, 0x0000000099100000, 0x0000000099200000|  0%| F|  |TAMS 0x0000000099100000, 0x0000000099100000| Untracked 
| 402|0x0000000099200000, 0x0000000099200000, 0x0000000099300000|  0%| F|  |TAMS 0x0000000099200000, 0x0000000099200000| Untracked 
| 403|0x0000000099300000, 0x0000000099300000, 0x0000000099400000|  0%| F|  |TAMS 0x0000000099300000, 0x0000000099300000| Untracked 
| 404|0x0000000099400000, 0x0000000099400000, 0x0000000099500000|  0%| F|  |TAMS 0x0000000099400000, 0x0000000099400000| Untracked 
| 405|0x0000000099500000, 0x0000000099500000, 0x0000000099600000|  0%| F|  |TAMS 0x0000000099500000, 0x0000000099500000| Untracked 
| 406|0x0000000099600000, 0x0000000099600000, 0x0000000099700000|  0%| F|  |TAMS 0x0000000099600000, 0x0000000099600000| Untracked 
| 407|0x0000000099700000, 0x0000000099700000, 0x0000000099800000|  0%| F|  |TAMS 0x0000000099700000, 0x0000000099700000| Untracked 
| 408|0x0000000099800000, 0x0000000099800000, 0x0000000099900000|  0%| F|  |TAMS 0x0000000099800000, 0x0000000099800000| Untracked 
| 409|0x0000000099900000, 0x0000000099900000, 0x0000000099a00000|  0%| F|  |TAMS 0x0000000099900000, 0x0000000099900000| Untracked 
| 410|0x0000000099a00000, 0x0000000099a00000, 0x0000000099b00000|  0%| F|  |TAMS 0x0000000099a00000, 0x0000000099a00000| Untracked 
| 411|0x0000000099b00000, 0x0000000099b00000, 0x0000000099c00000|  0%| F|  |TAMS 0x0000000099b00000, 0x0000000099b00000| Untracked 
| 412|0x0000000099c00000, 0x0000000099c00000, 0x0000000099d00000|  0%| F|  |TAMS 0x0000000099c00000, 0x0000000099c00000| Untracked 
| 413|0x0000000099d00000, 0x0000000099d00000, 0x0000000099e00000|  0%| F|  |TAMS 0x0000000099d00000, 0x0000000099d00000| Untracked 
| 414|0x0000000099e00000, 0x0000000099e00000, 0x0000000099f00000|  0%| F|  |TAMS 0x0000000099e00000, 0x0000000099e00000| Untracked 
| 415|0x0000000099f00000, 0x0000000099f00000, 0x000000009a000000|  0%| F|  |TAMS 0x0000000099f00000, 0x0000000099f00000| Untracked 
| 416|0x000000009a000000, 0x000000009a000000, 0x000000009a100000|  0%| F|  |TAMS 0x000000009a000000, 0x000000009a000000| Untracked 
| 417|0x000000009a100000, 0x000000009a100000, 0x000000009a200000|  0%| F|  |TAMS 0x000000009a100000, 0x000000009a100000| Untracked 
| 418|0x000000009a200000, 0x000000009a200000, 0x000000009a300000|  0%| F|  |TAMS 0x000000009a200000, 0x000000009a200000| Untracked 
| 419|0x000000009a300000, 0x000000009a300000, 0x000000009a400000|  0%| F|  |TAMS 0x000000009a300000, 0x000000009a300000| Untracked 
| 420|0x000000009a400000, 0x000000009a400000, 0x000000009a500000|  0%| F|  |TAMS 0x000000009a400000, 0x000000009a400000| Untracked 
| 421|0x000000009a500000, 0x000000009a500000, 0x000000009a600000|  0%| F|  |TAMS 0x000000009a500000, 0x000000009a500000| Untracked 
| 422|0x000000009a600000, 0x000000009a600000, 0x000000009a700000|  0%| F|  |TAMS 0x000000009a600000, 0x000000009a600000| Untracked 
| 423|0x000000009a700000, 0x000000009a700000, 0x000000009a800000|  0%| F|  |TAMS 0x000000009a700000, 0x000000009a700000| Untracked 
| 424|0x000000009a800000, 0x000000009a800000, 0x000000009a900000|  0%| F|  |TAMS 0x000000009a800000, 0x000000009a800000| Untracked 
| 425|0x000000009a900000, 0x000000009a900000, 0x000000009aa00000|  0%| F|  |TAMS 0x000000009a900000, 0x000000009a900000| Untracked 
| 426|0x000000009aa00000, 0x000000009aa00000, 0x000000009ab00000|  0%| F|  |TAMS 0x000000009aa00000, 0x000000009aa00000| Untracked 
| 427|0x000000009ab00000, 0x000000009ab00000, 0x000000009ac00000|  0%| F|  |TAMS 0x000000009ab00000, 0x000000009ab00000| Untracked 
| 428|0x000000009ac00000, 0x000000009ac00000, 0x000000009ad00000|  0%| F|  |TAMS 0x000000009ac00000, 0x000000009ac00000| Untracked 
| 429|0x000000009ad00000, 0x000000009ad00000, 0x000000009ae00000|  0%| F|  |TAMS 0x000000009ad00000, 0x000000009ad00000| Untracked 
| 430|0x000000009ae00000, 0x000000009ae00000, 0x000000009af00000|  0%| F|  |TAMS 0x000000009ae00000, 0x000000009ae00000| Untracked 
| 431|0x000000009af00000, 0x000000009af00000, 0x000000009b000000|  0%| F|  |TAMS 0x000000009af00000, 0x000000009af00000| Untracked 
| 432|0x000000009b000000, 0x000000009b000000, 0x000000009b100000|  0%| F|  |TAMS 0x000000009b000000, 0x000000009b000000| Untracked 
| 433|0x000000009b100000, 0x000000009b100000, 0x000000009b200000|  0%| F|  |TAMS 0x000000009b100000, 0x000000009b100000| Untracked 
| 434|0x000000009b200000, 0x000000009b200000, 0x000000009b300000|  0%| F|  |TAMS 0x000000009b200000, 0x000000009b200000| Untracked 
| 435|0x000000009b300000, 0x000000009b300000, 0x000000009b400000|  0%| F|  |TAMS 0x000000009b300000, 0x000000009b300000| Untracked 
| 436|0x000000009b400000, 0x000000009b400000, 0x000000009b500000|  0%| F|  |TAMS 0x000000009b400000, 0x000000009b400000| Untracked 
| 437|0x000000009b500000, 0x000000009b500000, 0x000000009b600000|  0%| F|  |TAMS 0x000000009b500000, 0x000000009b500000| Untracked 
| 438|0x000000009b600000, 0x000000009b600000, 0x000000009b700000|  0%| F|  |TAMS 0x000000009b600000, 0x000000009b600000| Untracked 
| 439|0x000000009b700000, 0x000000009b700000, 0x000000009b800000|  0%| F|  |TAMS 0x000000009b700000, 0x000000009b700000| Untracked 
| 440|0x000000009b800000, 0x000000009b800000, 0x000000009b900000|  0%| F|  |TAMS 0x000000009b800000, 0x000000009b800000| Untracked 
| 441|0x000000009b900000, 0x000000009b900000, 0x000000009ba00000|  0%| F|  |TAMS 0x000000009b900000, 0x000000009b900000| Untracked 
| 442|0x000000009ba00000, 0x000000009ba00000, 0x000000009bb00000|  0%| F|  |TAMS 0x000000009ba00000, 0x000000009ba00000| Untracked 
| 443|0x000000009bb00000, 0x000000009bb00000, 0x000000009bc00000|  0%| F|  |TAMS 0x000000009bb00000, 0x000000009bb00000| Untracked 
| 444|0x000000009bc00000, 0x000000009bc00000, 0x000000009bd00000|  0%| F|  |TAMS 0x000000009bc00000, 0x000000009bc00000| Untracked 
| 445|0x000000009bd00000, 0x000000009bd00000, 0x000000009be00000|  0%| F|  |TAMS 0x000000009bd00000, 0x000000009bd00000| Untracked 
| 446|0x000000009be00000, 0x000000009be00000, 0x000000009bf00000|  0%| F|  |TAMS 0x000000009be00000, 0x000000009be00000| Untracked 
| 447|0x000000009bf00000, 0x000000009bf00000, 0x000000009c000000|  0%| F|  |TAMS 0x000000009bf00000, 0x000000009bf00000| Untracked 
| 448|0x000000009c000000, 0x000000009c000000, 0x000000009c100000|  0%| F|  |TAMS 0x000000009c000000, 0x000000009c000000| Untracked 
| 449|0x000000009c100000, 0x000000009c100000, 0x000000009c200000|  0%| F|  |TAMS 0x000000009c100000, 0x000000009c100000| Untracked 
| 450|0x000000009c200000, 0x000000009c200000, 0x000000009c300000|  0%| F|  |TAMS 0x000000009c200000, 0x000000009c200000| Untracked 
| 451|0x000000009c300000, 0x000000009c300000, 0x000000009c400000|  0%| F|  |TAMS 0x000000009c300000, 0x000000009c300000| Untracked 
| 452|0x000000009c400000, 0x000000009c400000, 0x000000009c500000|  0%| F|  |TAMS 0x000000009c400000, 0x000000009c400000| Untracked 
| 453|0x000000009c500000, 0x000000009c500000, 0x000000009c600000|  0%| F|  |TAMS 0x000000009c500000, 0x000000009c500000| Untracked 
| 454|0x000000009c600000, 0x000000009c600000, 0x000000009c700000|  0%| F|  |TAMS 0x000000009c600000, 0x000000009c600000| Untracked 
| 455|0x000000009c700000, 0x000000009c700000, 0x000000009c800000|  0%| F|  |TAMS 0x000000009c700000, 0x000000009c700000| Untracked 
| 456|0x000000009c800000, 0x000000009c800000, 0x000000009c900000|  0%| F|  |TAMS 0x000000009c800000, 0x000000009c800000| Untracked 
| 457|0x000000009c900000, 0x000000009c900000, 0x000000009ca00000|  0%| F|  |TAMS 0x000000009c900000, 0x000000009c900000| Untracked 
| 458|0x000000009ca00000, 0x000000009ca82fd0, 0x000000009cb00000| 51%| E|  |TAMS 0x000000009ca00000, 0x000000009ca00000| Complete 

Card table byte_map: [0x000001f438850000,0x000001f438c50000] _byte_map_base: 0x000001f438450000

Marking Bits (Prev, Next): (CMBitMap*) 0x000001f41f5ca530, (CMBitMap*) 0x000001f41f5ca4f0
 Prev Bits: [0x000001f43b050000, 0x000001f43d050000)
 Next Bits: [0x000001f439050000, 0x000001f43b050000)

Polling page: 0x000001f41f6c0000

Metaspace:

Usage:
  Non-class:    118.85 MB used.
      Class:     18.47 MB used.
       Both:    137.32 MB used.

Virtual space:
  Non-class space:      128.00 MB reserved,     119.50 MB ( 93%) committed,  2 nodes.
      Class space:      416.00 MB reserved,      19.06 MB (  5%) committed,  1 nodes.
             Both:      544.00 MB reserved,     138.56 MB ( 25%) committed. 

Chunk freelists:
   Non-Class:  7.83 MB
       Class:  12.98 MB
        Both:  20.81 MB

MaxMetaspaceSize: 512.00 MB
CompressedClassSpaceSize: 416.00 MB
Initial GC threshold: 21.00 MB
Current GC threshold: 223.44 MB
CDS: on
MetaspaceReclaimPolicy: balanced
 - commit_granule_bytes: 65536.
 - commit_granule_words: 8192.
 - virtual_space_node_default_size: 8388608.
 - enlarge_chunks_in_place: 1.
 - new_chunks_are_fully_committed: 0.
 - uncommit_free_chunks: 1.
 - use_allocation_guard: 0.
 - handle_deallocations: 1.


Internal statistics:

num_allocs_failed_limit: 6.
num_arena_births: 1802.
num_arena_deaths: 14.
num_vsnodes_births: 3.
num_vsnodes_deaths: 0.
num_space_committed: 2219.
num_space_uncommitted: 3.
num_chunks_returned_to_freelist: 59.
num_chunks_taken_from_freelist: 8018.
num_chunk_merges: 17.
num_chunk_splits: 5244.
num_chunks_enlarged: 3464.
num_inconsistent_stats: 0.

CodeHeap 'non-profiled nmethods': size=120000Kb used=24531Kb max_used=24531Kb free=95468Kb
 bounds [0x000001f430f20000, 0x000001f432720000, 0x000001f438450000]
CodeHeap 'profiled nmethods': size=120000Kb used=45220Kb max_used=46816Kb free=74779Kb
 bounds [0x000001f429450000, 0x000001f42c2a0000, 0x000001f430980000]
CodeHeap 'non-nmethods': size=5760Kb used=2488Kb max_used=2582Kb free=3271Kb
 bounds [0x000001f430980000, 0x000001f430c20000, 0x000001f430f20000]
 total_blobs=23425 nmethods=22403 adapters=932
 compilation: enabled
              stopped_count=0, restarted_count=0
 full_count=0

Compilation events (20 events):
Event: 1254.135 Thread 0x000001f43f525160 nmethod 29006 0x000001f43270bc10 code [0x000001f43270bd80, 0x000001f43270beb8]
Event: 1254.135 Thread 0x000001f43f525160 29007       4       com.android.tools.r8.internal.ll::j (11 bytes)
Event: 1254.136 Thread 0x000001f43f525160 nmethod 29007 0x000001f43270bf10 code [0x000001f43270c0a0, 0x000001f43270c178]
Event: 1254.168 Thread 0x000001f43f525160 29008       4       com.android.tools.r8.dex.code.K0::hashCode (24 bytes)
Event: 1254.169 Thread 0x000001f43f525160 nmethod 29008 0x000001f43270c290 code [0x000001f43270c420, 0x000001f43270c588]
Event: 1254.238 Thread 0x000001f43f525160 29009       4       com.android.tools.r8.ir.regalloc.b::e (27 bytes)
Event: 1254.239 Thread 0x000001f43f525160 nmethod 29009 0x000001f43270c710 code [0x000001f43270c8a0, 0x000001f43270c958]
Event: 1254.294 Thread 0x000001f43f525160 29010       4       com.android.tools.r8.internal.x4::<init> (107 bytes)
Event: 1254.303 Thread 0x000001f43f525160 nmethod 29010 0x000001f43270ca10 code [0x000001f43270cbe0, 0x000001f43270d598]
Event: 1254.351 Thread 0x000001f43f525160 29011       4       com.android.tools.r8.ir.regalloc.b::<init> (165 bytes)
Event: 1254.393 Thread 0x000001f43f525160 nmethod 29011 0x000001f43270d810 code [0x000001f43270da20, 0x000001f43270edd8]
Event: 1254.405 Thread 0x000001f43f525160 29012       4       com.android.tools.r8.internal.Bf::<init> (354 bytes)
Event: 1254.481 Thread 0x000001f43f525160 nmethod 29012 0x000001f43270f790 code [0x000001f43270fa60, 0x000001f432711f88]
Event: 1254.535 Thread 0x000001f43f525160 29013       4       com.android.tools.r8.graph.D4$$Lambda$3015/0x000001f442277b70::accept (32 bytes)
Event: 1254.538 Thread 0x000001f43f525160 nmethod 29013 0x000001f432713010 code [0x000001f4327131a0, 0x000001f432713428]
Event: 1254.685 Thread 0x000001f43f525160 29014       4       com.android.tools.r8.internal.ll::A (199 bytes)
Event: 1254.686 Thread 0x000001f43f525160 nmethod 29014 0x000001f432713690 code [0x000001f432713820, 0x000001f4327138d8]
Event: 1254.754 Thread 0x000001f43f525160 29015       4       com.android.tools.r8.internal.B8$$Lambda$2909/0x000001f442221808::accept (19 bytes)
Event: 1254.767 Thread 0x000001f43f525160 nmethod 29015 0x000001f432713990 code [0x000001f432713b80, 0x000001f432714688]
Event: 1254.838 Thread 0x000001f43f525160 29016       4       com.android.tools.r8.ir.optimize.F::r (827 bytes)

GC Heap History (20 events):
Event: 1114.136 GC heap before
{Heap before GC invocations=121 (full 0):
 garbage-first heap   total 309248K, used 282297K [0x0000000080000000, 0x0000000100000000)
  region size 1024K, 15 young (15360K), 1 survivors (1024K)
 Metaspace       used 135545K, committed 136832K, reserved 557056K
  class space    used 18325K, committed 18944K, reserved 425984K
}
Event: 1114.142 GC heap after
{Heap after GC invocations=122 (full 0):
 garbage-first heap   total 309248K, used 269129K [0x0000000080000000, 0x0000000100000000)
  region size 1024K, 1 young (1024K), 1 survivors (1024K)
 Metaspace       used 135545K, committed 136832K, reserved 557056K
  class space    used 18325K, committed 18944K, reserved 425984K
}
Event: 1121.247 GC heap before
{Heap before GC invocations=122 (full 0):
 garbage-first heap   total 309248K, used 281417K [0x0000000080000000, 0x0000000100000000)
  region size 1024K, 11 young (11264K), 1 survivors (1024K)
 Metaspace       used 136156K, committed 137408K, reserved 557056K
  class space    used 18412K, committed 19008K, reserved 425984K
}
Event: 1121.279 GC heap after
{Heap after GC invocations=123 (full 0):
 garbage-first heap   total 309248K, used 273616K [0x0000000080000000, 0x0000000100000000)
  region size 1024K, 2 young (2048K), 2 survivors (2048K)
 Metaspace       used 136156K, committed 137408K, reserved 557056K
  class space    used 18412K, committed 19008K, reserved 425984K
}
Event: 1121.534 GC heap before
{Heap before GC invocations=123 (full 0):
 garbage-first heap   total 309248K, used 276688K [0x0000000080000000, 0x0000000100000000)
  region size 1024K, 3 young (3072K), 2 survivors (2048K)
 Metaspace       used 136156K, committed 137408K, reserved 557056K
  class space    used 18412K, committed 19008K, reserved 425984K
}
Event: 1121.543 GC heap after
{Heap after GC invocations=124 (full 0):
 garbage-first heap   total 309248K, used 276845K [0x0000000080000000, 0x0000000100000000)
  region size 1024K, 1 young (1024K), 1 survivors (1024K)
 Metaspace       used 136156K, committed 137408K, reserved 557056K
  class space    used 18412K, committed 19008K, reserved 425984K
}
Event: 1142.843 GC heap before
{Heap before GC invocations=125 (full 0):
 garbage-first heap   total 470016K, used 300397K [0x0000000080000000, 0x0000000100000000)
  region size 1024K, 22 young (22528K), 1 survivors (1024K)
 Metaspace       used 136403K, committed 137664K, reserved 557056K
  class space    used 18467K, committed 19072K, reserved 425984K
}
Event: 1142.942 GC heap after
{Heap after GC invocations=126 (full 0):
 garbage-first heap   total 470016K, used 268127K [0x0000000080000000, 0x0000000100000000)
  region size 1024K, 1 young (1024K), 1 survivors (1024K)
 Metaspace       used 136403K, committed 137664K, reserved 557056K
  class space    used 18467K, committed 19072K, reserved 425984K
}
Event: 1150.810 GC heap before
{Heap before GC invocations=126 (full 0):
 garbage-first heap   total 470016K, used 289631K [0x0000000080000000, 0x0000000100000000)
  region size 1024K, 22 young (22528K), 1 survivors (1024K)
 Metaspace       used 137046K, committed 138304K, reserved 557056K
  class space    used 18485K, committed 19072K, reserved 425984K
}
Event: 1150.825 GC heap after
{Heap after GC invocations=127 (full 0):
 garbage-first heap   total 470016K, used 237511K [0x0000000080000000, 0x0000000100000000)
  region size 1024K, 2 young (2048K), 2 survivors (2048K)
 Metaspace       used 137046K, committed 138304K, reserved 557056K
  class space    used 18485K, committed 19072K, reserved 425984K
}
Event: 1201.723 GC heap before
{Heap before GC invocations=127 (full 0):
 garbage-first heap   total 470016K, used 399303K [0x0000000080000000, 0x0000000100000000)
  region size 1024K, 158 young (161792K), 2 survivors (2048K)
 Metaspace       used 140139K, committed 141440K, reserved 557056K
  class space    used 18858K, committed 19456K, reserved 425984K
}
Event: 1201.793 GC heap after
{Heap after GC invocations=128 (full 0):
 garbage-first heap   total 470016K, used 252034K [0x0000000080000000, 0x0000000100000000)
  region size 1024K, 16 young (16384K), 16 survivors (16384K)
 Metaspace       used 140139K, committed 141440K, reserved 557056K
  class space    used 18858K, committed 19456K, reserved 425984K
}
Event: 1219.544 GC heap before
{Heap before GC invocations=128 (full 0):
 garbage-first heap   total 470016K, used 395394K [0x0000000080000000, 0x0000000100000000)
  region size 1024K, 156 young (159744K), 16 survivors (16384K)
 Metaspace       used 140329K, committed 141568K, reserved 557056K
  class space    used 18872K, committed 19456K, reserved 425984K
}
Event: 1219.594 GC heap after
{Heap after GC invocations=129 (full 0):
 garbage-first heap   total 470016K, used 253617K [0x0000000080000000, 0x0000000100000000)
  region size 1024K, 3 young (3072K), 3 survivors (3072K)
 Metaspace       used 140329K, committed 141568K, reserved 557056K
  class space    used 18872K, committed 19456K, reserved 425984K
}
Event: 1230.929 GC heap before
{Heap before GC invocations=129 (full 0):
 garbage-first heap   total 470016K, used 400049K [0x0000000080000000, 0x0000000100000000)
  region size 1024K, 146 young (149504K), 3 survivors (3072K)
 Metaspace       used 140350K, committed 141632K, reserved 557056K
  class space    used 18873K, committed 19456K, reserved 425984K
}
Event: 1230.935 GC heap after
{Heap after GC invocations=130 (full 0):
 garbage-first heap   total 470016K, used 252837K [0x0000000080000000, 0x0000000100000000)
  region size 1024K, 2 young (2048K), 2 survivors (2048K)
 Metaspace       used 140350K, committed 141632K, reserved 557056K
  class space    used 18873K, committed 19456K, reserved 425984K
}
Event: 1234.911 GC heap before
{Heap before GC invocations=130 (full 0):
 garbage-first heap   total 470016K, used 404389K [0x0000000080000000, 0x0000000100000000)
  region size 1024K, 150 young (153600K), 2 survivors (2048K)
 Metaspace       used 140415K, committed 141696K, reserved 557056K
  class space    used 18879K, committed 19456K, reserved 425984K
}
Event: 1235.400 GC heap after
{Heap after GC invocations=131 (full 0):
 garbage-first heap   total 470016K, used 253105K [0x0000000080000000, 0x0000000100000000)
  region size 1024K, 2 young (2048K), 2 survivors (2048K)
 Metaspace       used 140415K, committed 141696K, reserved 557056K
  class space    used 18879K, committed 19456K, reserved 425984K
}
Event: 1254.839 GC heap before
{Heap before GC invocations=131 (full 0):
 garbage-first heap   total 470016K, used 408753K [0x0000000080000000, 0x0000000100000000)
  region size 1024K, 154 young (157696K), 2 survivors (2048K)
 Metaspace       used 140615K, committed 141888K, reserved 557056K
  class space    used 18911K, committed 19520K, reserved 425984K
}
Event: 1254.846 GC heap after
{Heap after GC invocations=132 (full 0):
 garbage-first heap   total 470016K, used 253880K [0x0000000080000000, 0x0000000100000000)
  region size 1024K, 3 young (3072K), 3 survivors (3072K)
 Metaspace       used 140615K, committed 141888K, reserved 557056K
  class space    used 18911K, committed 19520K, reserved 425984K
}

Dll operation events (17 events):
Event: 0.036 Loaded shared library C:\Program Files\Microsoft\jdk-17.0.18.8-hotspot\bin\java.dll
Event: 0.118 Loaded shared library C:\Program Files\Microsoft\jdk-17.0.18.8-hotspot\bin\jsvml.dll
Event: 0.596 Loaded shared library C:\Program Files\Microsoft\jdk-17.0.18.8-hotspot\bin\zip.dll
Event: 0.600 Loaded shared library C:\Program Files\Microsoft\jdk-17.0.18.8-hotspot\bin\instrument.dll
Event: 0.662 Loaded shared library C:\Program Files\Microsoft\jdk-17.0.18.8-hotspot\bin\net.dll
Event: 0.665 Loaded shared library C:\Program Files\Microsoft\jdk-17.0.18.8-hotspot\bin\nio.dll
Event: 0.669 Loaded shared library C:\Program Files\Microsoft\jdk-17.0.18.8-hotspot\bin\zip.dll
Event: 1.752 Loaded shared library C:\Program Files\Microsoft\jdk-17.0.18.8-hotspot\bin\jimage.dll
Event: 2.807 Loaded shared library C:\Program Files\Microsoft\jdk-17.0.18.8-hotspot\bin\verify.dll
Event: 4.244 Loaded shared library C:\Users\Frank\.gradle\native\68d5fa5c4cc2d200863cafc0d521ce42e7d3e7ee720ec0a83991735586a16f82\windows-amd64\native-platform.dll
Event: 4.297 Loaded shared library C:\Users\Frank\.gradle\native\e376f236ea51e6404a007f0833ffe2c6e607c4080706a723a18a27aeea778392\windows-amd64\native-platform-file-events.dll
Event: 10.356 Loaded shared library C:\Program Files\Microsoft\jdk-17.0.18.8-hotspot\bin\management.dll
Event: 10.373 Loaded shared library C:\Program Files\Microsoft\jdk-17.0.18.8-hotspot\bin\management_ext.dll
Event: 11.685 Loaded shared library C:\Program Files\Microsoft\jdk-17.0.18.8-hotspot\bin\extnet.dll
Event: 13.429 Loaded shared library C:\Program Files\Microsoft\jdk-17.0.18.8-hotspot\bin\sunmscapi.dll
Event: 630.318 Loaded shared library C:\Program Files\Microsoft\jdk-17.0.18.8-hotspot\bin\rmi.dll
Event: 858.636 Loaded shared library C:\Users\Frank\AppData\Local\Temp\native-platform1759490383741644972dir\native-platform.dll

Deoptimization events (20 events):
Event: 1248.721 Thread 0x000001f46342fd50 DEOPT PACKING pc=0x000001f42c226004 sp=0x000000428a0f7ce0
Event: 1248.721 Thread 0x000001f46342fd50 DEOPT UNPACKING pc=0x000001f4309dace3 sp=0x000000428a0f7500 mode 0
Event: 1249.012 Thread 0x000001f46342fd50 Uncommon trap: trap_request=0xffffffc6 fr.pc=0x000001f4324a942c relative=0x0000000000004c8c
Event: 1249.012 Thread 0x000001f46342fd50 Uncommon trap: reason=bimorphic_or_optimized_type_check action=maybe_recompile pc=0x000001f4324a942c method=com.android.tools.r8.ir.regalloc.b.j()V @ 385 c2
Event: 1249.012 Thread 0x000001f46342fd50 DEOPT PACKING pc=0x000001f4324a942c sp=0x000000428a0f7f60
Event: 1249.012 Thread 0x000001f46342fd50 DEOPT UNPACKING pc=0x000001f4309da1a3 sp=0x000000428a0f7f40 mode 2
Event: 1249.013 Thread 0x000001f46342fd50 Uncommon trap: trap_request=0xffffffc6 fr.pc=0x000001f43242e7e0 relative=0x00000000000051a0
Event: 1249.013 Thread 0x000001f46342fd50 Uncommon trap: reason=bimorphic_or_optimized_type_check action=maybe_recompile pc=0x000001f43242e7e0 method=com.android.tools.r8.ir.regalloc.b.j()V @ 385 c2
Event: 1249.013 Thread 0x000001f46342fd50 DEOPT PACKING pc=0x000001f43242e7e0 sp=0x000000428a0f7f30
Event: 1249.013 Thread 0x000001f46342fd50 DEOPT UNPACKING pc=0x000001f4309da1a3 sp=0x000000428a0f7f40 mode 2
Event: 1249.083 Thread 0x000001f46342fd50 Uncommon trap: trap_request=0xffffff45 fr.pc=0x000001f432633e54 relative=0x0000000000004e54
Event: 1249.083 Thread 0x000001f46342fd50 Uncommon trap: reason=unstable_if action=reinterpret pc=0x000001f432633e54 method=com.android.tools.r8.ir.regalloc.n.a(ILcom/android/tools/r8/internal/lo;Lcom/android/tools/r8/internal/oo;)V @ 660 c2
Event: 1249.083 Thread 0x000001f46342fd50 DEOPT PACKING pc=0x000001f432633e54 sp=0x000000428a0f7d90
Event: 1249.083 Thread 0x000001f46342fd50 DEOPT UNPACKING pc=0x000001f4309da1a3 sp=0x000000428a0f7d28 mode 2
Event: 1249.388 Thread 0x000001f46342fd50 DEOPT PACKING pc=0x000001f42bc83287 sp=0x000000428a0f84f0
Event: 1249.388 Thread 0x000001f46342fd50 DEOPT UNPACKING pc=0x000001f4309dace3 sp=0x000000428a0f7a68 mode 0
Event: 1250.257 Thread 0x000001f46342fd50 DEOPT PACKING pc=0x000001f42bbf58e6 sp=0x000000428a0f92a0
Event: 1250.257 Thread 0x000001f46342fd50 DEOPT UNPACKING pc=0x000001f4309dace3 sp=0x000000428a0f8718 mode 0
Event: 1250.664 Thread 0x000001f46342fd50 DEOPT PACKING pc=0x000001f42bbf58e6 sp=0x000000428a0f92a0
Event: 1250.664 Thread 0x000001f46342fd50 DEOPT UNPACKING pc=0x000001f4309dace3 sp=0x000000428a0f8718 mode 0

Classes loaded (20 events):
Event: 1089.068 Loading class java/util/IdentityHashMap$EntryIterator
Event: 1089.084 Loading class java/util/IdentityHashMap$EntryIterator done
Event: 1089.084 Loading class java/util/IdentityHashMap$EntryIterator$Entry
Event: 1089.104 Loading class java/util/IdentityHashMap$EntryIterator$Entry done
Event: 1111.276 Loading class java/util/SortedSet$1
Event: 1111.306 Loading class java/util/SortedSet$1 done
Event: 1111.330 Loading class java/util/stream/SliceOps
Event: 1111.332 Loading class java/util/stream/SliceOps done
Event: 1111.332 Loading class java/util/stream/SliceOps$1
Event: 1111.365 Loading class java/util/stream/SliceOps$1 done
Event: 1111.565 Loading class java/util/stream/SliceOps$1$1
Event: 1111.566 Loading class java/util/stream/SliceOps$1$1 done
Event: 1111.566 Loading class java/util/stream/SortedOps$RefSortingSink
Event: 1111.568 Loading class java/util/stream/SortedOps$RefSortingSink done
Event: 1181.520 Loading class java/nio/ShortBuffer
Event: 1182.084 Loading class java/nio/ShortBuffer done
Event: 1182.993 Loading class java/nio/ByteBufferAsShortBufferL
Event: 1182.994 Loading class java/nio/ByteBufferAsShortBufferL done
Event: 1183.785 Loading class java/util/zip/Adler32
Event: 1183.825 Loading class java/util/zip/Adler32 done

Classes unloaded (20 events):
Event: 1123.872 Thread 0x000001f43f4ff8c0 Unloading class 0x000001f441f7b800 'jdk/internal/jimage/ImageHeader'
Event: 1123.872 Thread 0x000001f43f4ff8c0 Unloading class 0x000001f441f7adc8 'jdk/internal/jimage/BasicImageReader$2'
Event: 1123.872 Thread 0x000001f43f4ff8c0 Unloading class 0x000001f441f7ab98 'jdk/internal/jimage/BasicImageReader$1'
Event: 1123.872 Thread 0x000001f43f4ff8c0 Unloading class 0x000001f441f7a930 'jdk/internal/jimage/ImageReader$Resource'
Event: 1123.872 Thread 0x000001f43f4ff8c0 Unloading class 0x000001f441f7a6c8 'jdk/internal/jimage/ImageReader$LinkNode'
Event: 1123.872 Thread 0x000001f43f4ff8c0 Unloading class 0x000001f441f7a460 'jdk/internal/jimage/ImageReader$Directory'
Event: 1123.872 Thread 0x000001f43f4ff8c0 Unloading class 0x000001f441f7a1f8 'jdk/internal/jimage/ImageReader$Node'
Event: 1123.872 Thread 0x000001f43f4ff8c0 Unloading class 0x000001f441f7a000 'jdk/internal/jimage/ImageStrings'
Event: 1123.872 Thread 0x000001f43f4ff8c0 Unloading class 0x000001f441f79b50 'jdk/internal/jimage/ImageReader$SharedImageReader'
Event: 1123.872 Thread 0x000001f43f4ff8c0 Unloading class 0x000001f441f79890 'jdk/internal/jimage/BasicImageReader'
Event: 1123.872 Thread 0x000001f43f4ff8c0 Unloading class 0x000001f441f79670 'jdk/internal/jimage/ImageReader'
Event: 1123.872 Thread 0x000001f43f4ff8c0 Unloading class 0x000001f441f79448 'jdk/internal/jrtfs/SystemImage$2'
Event: 1123.872 Thread 0x000001f43f4ff8c0 Unloading class 0x000001f441f79230 'jdk/internal/jrtfs/SystemImage$$Lambda$2287+0x000001f441f79230'
Event: 1123.872 Thread 0x000001f43f4ff8c0 Unloading class 0x000001f441f79000 'jdk/internal/jrtfs/ExplodedImage'
Event: 1123.872 Thread 0x000001f43f4ff8c0 Unloading class 0x000001f441f78dc8 'jdk/internal/jrtfs/SystemImage$1'
Event: 1123.872 Thread 0x000001f43f4ff8c0 Unloading class 0x000001f441f78bb0 'jdk/internal/jrtfs/SystemImage'
Event: 1123.872 Thread 0x000001f43f4ff8c0 Unloading class 0x000001f441f78950 'jdk/internal/jrtfs/JrtFileStore'
Event: 1123.872 Thread 0x000001f43f4ff8c0 Unloading class 0x000001f441f785d8 'jdk/internal/jrtfs/JrtPath'
Event: 1123.872 Thread 0x000001f43f4ff8c0 Unloading class 0x000001f441f782e0 'jdk/internal/jrtfs/JrtFileSystem'
Event: 1123.872 Thread 0x000001f43f4ff8c0 Unloading class 0x000001f441f78000 'jdk/internal/jrtfs/JrtFileSystemProvider'

Classes redefined (0 events):
No events

Internal exceptions (20 events):
Event: 1113.664 Thread 0x000001f46342fd50 Exception <a 'java/lang/IncompatibleClassChangeError'{0x000000009200b638}: Found class java.lang.Object, but interface was expected> (0x000000009200b638) 
thrown [s\src\hotspot\share\interpreter\linkResolver.cpp, line 826]
Event: 1119.439 Thread 0x000001f46342fd50 Exception <a 'java/lang/NoSuchMethodError'{0x00000000928bb0c8}: 'java.lang.Object java.lang.invoke.DirectMethodHandle$Holder.invokeInterface(java.lang.Object, java.lang.Object, int)'> (0x00000000928bb0c8) 
thrown [s\src\hotspot\share\interpreter\linkResolver.cpp, line 759]
Event: 1143.511 Thread 0x000001f46342fd50 Implicit null exception at 0x000001f431fb09ed to 0x000001f431fb0acc
Event: 1169.601 Thread 0x000001f46342fd50 Exception <a 'java/lang/NoSuchMethodError'{0x0000000099022818}: 'java.lang.Object java.lang.invoke.DirectMethodHandle$Holder.newInvokeSpecial(java.lang.Object, java.lang.Object, int, java.lang.Object, java.lang.Object, java.lang.Object)'> (0x0000000099022818) 
thrown [s\src\hotspot\share\interpreter\linkResolver.cpp, line 759]
Event: 1169.626 Thread 0x000001f46342fd50 Exception <a 'java/lang/NoSuchMethodError'{0x000000009902ad30}: 'java.lang.Object java.lang.invoke.Invokers$Holder.linkToTargetMethod(java.lang.Object, int, java.lang.Object, java.lang.Object, java.lang.Object, java.lang.Object)'> (0x000000009902ad30) 
thrown [s\src\hotspot\share\interpreter\linkResolver.cpp, line 759]
Event: 1169.627 Thread 0x000001f46342fd50 Exception <a 'java/lang/NoSuchMethodError'{0x000000009902f808}: 'void java.lang.invoke.DirectMethodHandle$Holder.invokeSpecial(java.lang.Object, java.lang.Object, java.lang.Object, int, java.lang.Object, java.lang.Object, java.lang.Object, java.lang.Object)'> (0x000000009902f808) 
thrown [s\src\hotspot\share\interpreter\linkResolver.cpp, line 759]
Event: 1170.526 Thread 0x000001f46342fd50 Exception <a 'java/lang/NoSuchMethodError'{0x0000000098fa8878}: 'void java.lang.invoke.DirectMethodHandle$Holder.invokeStatic(java.lang.Object, java.lang.Object, java.lang.Object, java.lang.Object, java.lang.Object, java.lang.Object, java.lang.Object, java.lang.Object)'> (0x0000000098fa8878) 
thrown [s\src\hotspot\share\interpreter\linkResolver.cpp, line 759]
Event: 1170.554 Thread 0x000001f46342fd50 Implicit null exception at 0x000001f431f467cf to 0x000001f431f468e0
Event: 1179.261 Thread 0x000001f46342fd50 Exception <a 'java/lang/IncompatibleClassChangeError'{0x000000009866a2e8}: Found class java.lang.Object, but interface was expected> (0x000000009866a2e8) 
thrown [s\src\hotspot\share\interpreter\linkResolver.cpp, line 826]
Event: 1182.990 Thread 0x000001f46342fd50 Exception <a 'java/lang/NoSuchMethodError'{0x000000009826a270}: 'void java.lang.invoke.DirectMethodHandle$Holder.invokeSpecial(java.lang.Object, java.lang.Object, int)'> (0x000000009826a270) 
thrown [s\src\hotspot\share\interpreter\linkResolver.cpp, line 759]
Event: 1184.189 Thread 0x000001f46342fd50 Exception <a 'sun/nio/fs/WindowsException'{0x00000000981c5d10}> (0x00000000981c5d10) 
thrown [s\src\hotspot\share\prims\jni.cpp, line 516]
Event: 1186.149 Thread 0x000001f46342fd50 Exception <a 'sun/nio/fs/WindowsException'{0x0000000097f3d7b8}> (0x0000000097f3d7b8) 
thrown [s\src\hotspot\share\prims\jni.cpp, line 516]
Event: 1186.380 Thread 0x000001f46342fd50 Exception <a 'sun/nio/fs/WindowsException'{0x0000000097f80288}> (0x0000000097f80288) 
thrown [s\src\hotspot\share\prims\jni.cpp, line 516]
Event: 1186.381 Thread 0x000001f46342fd50 Exception <a 'sun/nio/fs/WindowsException'{0x0000000097f81430}> (0x0000000097f81430) 
thrown [s\src\hotspot\share\prims\jni.cpp, line 516]
Event: 1186.382 Thread 0x000001f46342fd50 Exception <a 'sun/nio/fs/WindowsException'{0x0000000097f815f8}> (0x0000000097f815f8) 
thrown [s\src\hotspot\share\prims\jni.cpp, line 516]
Event: 1186.523 Thread 0x000001f4696f9740 Exception <a 'sun/nio/fs/WindowsException'{0x0000000097fdb660}> (0x0000000097fdb660) 
thrown [s\src\hotspot\share\prims\jni.cpp, line 516]
Event: 1186.528 Thread 0x000001f4696f9740 Exception <a 'sun/nio/fs/WindowsException'{0x0000000097fdb8e0}> (0x0000000097fdb8e0) 
thrown [s\src\hotspot\share\prims\jni.cpp, line 516]
Event: 1186.528 Thread 0x000001f4696f9740 Exception <a 'sun/nio/fs/WindowsException'{0x0000000097fdbad8}> (0x0000000097fdbad8) 
thrown [s\src\hotspot\share\prims\jni.cpp, line 516]
Event: 1209.107 Thread 0x000001f46342fd50 Exception <a 'java/lang/NoSuchMethodError'{0x000000009959e600}: 'int java.lang.invoke.DirectMethodHandle$Holder.invokeInterface(java.lang.Object, java.lang.Object, int)'> (0x000000009959e600) 
thrown [s\src\hotspot\share\interpreter\linkResolver.cpp, line 759]
Event: 1222.540 Thread 0x000001f46342fd50 Implicit null exception at 0x000001f431e2c4c1 to 0x000001f431e30ce7

VM Operations (20 events):
Event: 1243.752 Executing VM operation: Cleanup
Event: 1243.764 Executing VM operation: Cleanup done
Event: 1244.765 Executing VM operation: Cleanup
Event: 1244.765 Executing VM operation: Cleanup done
Event: 1245.765 Executing VM operation: Cleanup
Event: 1245.774 Executing VM operation: Cleanup done
Event: 1247.775 Executing VM operation: Cleanup
Event: 1247.784 Executing VM operation: Cleanup done
Event: 1248.785 Executing VM operation: Cleanup
Event: 1248.785 Executing VM operation: Cleanup done
Event: 1249.785 Executing VM operation: Cleanup
Event: 1249.788 Executing VM operation: Cleanup done
Event: 1250.789 Executing VM operation: Cleanup
Event: 1250.796 Executing VM operation: Cleanup done
Event: 1251.796 Executing VM operation: Cleanup
Event: 1251.797 Executing VM operation: Cleanup done
Event: 1253.797 Executing VM operation: Cleanup
Event: 1253.803 Executing VM operation: Cleanup done
Event: 1254.839 Executing VM operation: G1CollectForAllocation
Event: 1254.847 Executing VM operation: G1CollectForAllocation done

Memory protections (0 events):
No events

Nmethod flushes (20 events):
Event: 1236.965 Thread 0x000001f43f57e8f0 flushing  nmethod 0x000001f42be05a90
Event: 1236.965 Thread 0x000001f43f57e8f0 flushing  nmethod 0x000001f42be1b890
Event: 1236.966 Thread 0x000001f43f57e8f0 flushing  nmethod 0x000001f42be20e90
Event: 1236.966 Thread 0x000001f43f57e8f0 flushing  nmethod 0x000001f42be35210
Event: 1236.966 Thread 0x000001f43f57e8f0 flushing  nmethod 0x000001f42be79f10
Event: 1236.966 Thread 0x000001f43f57e8f0 flushing  nmethod 0x000001f42be86a10
Event: 1236.966 Thread 0x000001f43f57e8f0 flushing  nmethod 0x000001f42bec9710
Event: 1236.966 Thread 0x000001f43f57e8f0 flushing  nmethod 0x000001f42bed2c90
Event: 1236.966 Thread 0x000001f43f57e8f0 flushing  nmethod 0x000001f42bee0790
Event: 1236.966 Thread 0x000001f43f57e8f0 flushing  nmethod 0x000001f42bee0c90
Event: 1236.966 Thread 0x000001f43f57e8f0 flushing  nmethod 0x000001f42bee2c10
Event: 1236.966 Thread 0x000001f43f57e8f0 flushing  nmethod 0x000001f42bf4f790
Event: 1236.969 Thread 0x000001f43f57e8f0 flushing  nmethod 0x000001f42c172010
Event: 1236.970 Thread 0x000001f43f57e8f0 flushing  nmethod 0x000001f42c1dab90
Event: 1236.970 Thread 0x000001f43f57e8f0 flushing osr nmethod 0x000001f42c230190
Event: 1242.759 Thread 0x000001f43f57e8f0 flushing  nmethod 0x000001f432221510
Event: 1242.760 Thread 0x000001f43f57e8f0 flushing  nmethod 0x000001f4324b1510
Event: 1242.760 Thread 0x000001f43f57e8f0 flushing  nmethod 0x000001f4324e4f10
Event: 1242.786 Thread 0x000001f43f57e8f0 flushing osr nmethod 0x000001f42be55390
Event: 1242.786 Thread 0x000001f43f57e8f0 flushing  nmethod 0x000001f42be9b410

Events (20 events):
Event: 1221.151 Thread 0x000001f46a5efe30 Thread exited: 0x000001f46a5efe30
Event: 1222.929 Thread 0x000001f43f525160 Thread added: 0x000001f46a5f1370
Event: 1225.323 Thread 0x000001f46a5f1370 Thread exited: 0x000001f46a5f1370
Event: 1226.802 Thread 0x000001f43f528830 Thread added: 0x000001f46a5efe30
Event: 1232.731 Thread 0x000001f46342cfc0 Thread added: 0x000001f4696fb090
Event: 1232.930 Thread 0x000001f46342cfc0 Thread added: 0x000001f4696f7df0
Event: 1233.545 Thread 0x000001f46a5efe30 Thread exited: 0x000001f46a5efe30
Event: 1233.777 Thread 0x000001f43f528830 Thread added: 0x000001f46a5f08d0
Event: 1241.587 Thread 0x000001f46a5f08d0 Thread exited: 0x000001f46a5f08d0
Event: 1241.787 Thread 0x000001f43f528830 Thread added: 0x000001f46a5ee3a0
Event: 1243.071 Thread 0x000001f46a5ee3a0 Thread exited: 0x000001f46a5ee3a0
Event: 1243.194 Thread 0x000001f43f528830 Thread added: 0x000001f46a5ef8e0
Event: 1244.528 Thread 0x000001f46a5ef8e0 Thread exited: 0x000001f46a5ef8e0
Event: 1245.882 Thread 0x000001f46342cfc0 Thread added: 0x000001f4696fc4d0
Event: 1246.433 Thread 0x000001f43f525160 Thread added: 0x000001f46a5ef8e0
Event: 1246.600 Thread 0x000001f46a5ef8e0 Thread exited: 0x000001f46a5ef8e0
Event: 1247.787 Thread 0x000001f43f528830 Thread added: 0x000001f46a5f1370
Event: 1248.404 Thread 0x000001f46a5f1370 Thread exited: 0x000001f46a5f1370
Event: 1251.333 Thread 0x000001f43f525160 Thread added: 0x000001f46a5ee3a0
Event: 1251.604 Thread 0x000001f46a5ee3a0 Thread exited: 0x000001f46a5ee3a0


Dynamic libraries:
0x00007ff654e40000 - 0x00007ff654e4e000 	C:\Program Files\Microsoft\jdk-17.0.18.8-hotspot\bin\java.exe
0x00007ff869a20000 - 0x00007ff869c87000 	C:\WINDOWS\SYSTEM32\ntdll.dll
0x00007ff869150000 - 0x00007ff869219000 	C:\WINDOWS\System32\KERNEL32.DLL
0x00007ff866f70000 - 0x00007ff867364000 	C:\WINDOWS\System32\KERNELBASE.dll
0x00007ff866d90000 - 0x00007ff866edb000 	C:\WINDOWS\System32\ucrtbase.dll
0x00007ff8487b0000 - 0x00007ff8487c8000 	C:\Program Files\Microsoft\jdk-17.0.18.8-hotspot\bin\jli.dll
0x00007ff868170000 - 0x00007ff868335000 	C:\WINDOWS\System32\USER32.dll
0x00007ff867550000 - 0x00007ff867577000 	C:\WINDOWS\System32\win32u.dll
0x00007ff869220000 - 0x00007ff86924b000 	C:\WINDOWS\System32\GDI32.dll
0x00007ff867420000 - 0x00007ff86754b000 	C:\WINDOWS\System32\gdi32full.dll
0x00007ff867370000 - 0x00007ff867413000 	C:\WINDOWS\System32\msvcp_win.dll
0x00007ff842320000 - 0x00007ff84233e000 	C:\Program Files\Microsoft\jdk-17.0.18.8-hotspot\bin\VCRUNTIME140.dll
0x00007ff850d00000 - 0x00007ff850f93000 	C:\WINDOWS\WinSxS\amd64_microsoft.windows.common-controls_6595b64144ccf1df_6.0.26100.8115_none_3e075c82e3354f9c\COMCTL32.dll
0x00007ff868f30000 - 0x00007ff868fd9000 	C:\WINDOWS\System32\msvcrt.dll
0x00007ff867920000 - 0x00007ff867952000 	C:\WINDOWS\System32\IMM32.DLL
0x00007ff858890000 - 0x00007ff85889c000 	C:\Program Files\Microsoft\jdk-17.0.18.8-hotspot\bin\vcruntime140_1.dll
0x00007ff8033c0000 - 0x00007ff803449000 	C:\Program Files\Microsoft\jdk-17.0.18.8-hotspot\bin\msvcp140.dll
0x00007fffbc3a0000 - 0x00007fffbd01a000 	C:\Program Files\Microsoft\jdk-17.0.18.8-hotspot\bin\server\jvm.dll
0x00007ff868d60000 - 0x00007ff868e16000 	C:\WINDOWS\System32\ADVAPI32.dll
0x00007ff867c40000 - 0x00007ff867ce7000 	C:\WINDOWS\System32\sechost.dll
0x00007ff868c20000 - 0x00007ff868d38000 	C:\WINDOWS\System32\RPCRT4.dll
0x00007ff868ea0000 - 0x00007ff868f20000 	C:\WINDOWS\System32\WS2_32.dll
0x00007ff866170000 - 0x00007ff8661ce000 	C:\WINDOWS\SYSTEM32\POWRPROF.dll
0x00007ff852370000 - 0x00007ff8523a6000 	C:\WINDOWS\SYSTEM32\WINMM.dll
0x00007ff85a1f0000 - 0x00007ff85a1fb000 	C:\WINDOWS\SYSTEM32\VERSION.dll
0x00007ff866150000 - 0x00007ff866164000 	C:\WINDOWS\SYSTEM32\UMPDC.dll
0x00007ff865050000 - 0x00007ff86506b000 	C:\WINDOWS\SYSTEM32\kernel.appcore.dll
0x00007ff850bf0000 - 0x00007ff850bfa000 	C:\Program Files\Microsoft\jdk-17.0.18.8-hotspot\bin\jimage.dll
0x00007ff8643d0000 - 0x00007ff864612000 	C:\WINDOWS\SYSTEM32\DBGHELP.DLL
0x00007ff867d80000 - 0x00007ff868102000 	C:\WINDOWS\System32\combase.dll
0x00007ff8677c0000 - 0x00007ff867898000 	C:\WINDOWS\System32\OLEAUT32.dll
0x00007ff844890000 - 0x00007ff8448cb000 	C:\WINDOWS\SYSTEM32\dbgcore.DLL
0x00007ff867580000 - 0x00007ff867625000 	C:\WINDOWS\System32\bcryptPrimitives.dll
0x00007ff859d00000 - 0x00007ff859d0f000 	C:\Program Files\Microsoft\jdk-17.0.18.8-hotspot\bin\instrument.dll
0x00007ff84c730000 - 0x00007ff84c756000 	C:\Program Files\Microsoft\jdk-17.0.18.8-hotspot\bin\java.dll
0x00007ff839210000 - 0x00007ff8392e6000 	C:\Program Files\Microsoft\jdk-17.0.18.8-hotspot\bin\jsvml.dll
0x00007ff868350000 - 0x00007ff868ab7000 	C:\WINDOWS\System32\SHELL32.dll
0x00007ff866c20000 - 0x00007ff866d8a000 	C:\WINDOWS\System32\wintypes.dll
0x00007ff8663b0000 - 0x00007ff866c18000 	C:\WINDOWS\System32\windows.storage.dll
0x00007ff869050000 - 0x00007ff869148000 	C:\WINDOWS\System32\SHCORE.dll
0x00007ff868fe0000 - 0x00007ff869046000 	C:\WINDOWS\System32\shlwapi.dll
0x00007ff866210000 - 0x00007ff866239000 	C:\WINDOWS\SYSTEM32\profapi.dll
0x00007ff848d20000 - 0x00007ff848d38000 	C:\Program Files\Microsoft\jdk-17.0.18.8-hotspot\bin\zip.dll
0x00007ff84c710000 - 0x00007ff84c72b000 	C:\Program Files\Microsoft\jdk-17.0.18.8-hotspot\bin\net.dll
0x00007ff8596e0000 - 0x00007ff85980d000 	C:\WINDOWS\SYSTEM32\WINHTTP.dll
0x00007ff8655d0000 - 0x00007ff86563c000 	C:\WINDOWS\system32\mswsock.dll
0x00007ff848d40000 - 0x00007ff848d56000 	C:\Program Files\Microsoft\jdk-17.0.18.8-hotspot\bin\nio.dll
0x00007ff8615d0000 - 0x00007ff8615e0000 	C:\Program Files\Microsoft\jdk-17.0.18.8-hotspot\bin\verify.dll
0x00007ff849a60000 - 0x00007ff849a87000 	C:\Users\Frank\.gradle\native\68d5fa5c4cc2d200863cafc0d521ce42e7d3e7ee720ec0a83991735586a16f82\windows-amd64\native-platform.dll
0x00007ff83a330000 - 0x00007ff83a474000 	C:\Users\Frank\.gradle\native\e376f236ea51e6404a007f0833ffe2c6e607c4080706a723a18a27aeea778392\windows-amd64\native-platform-file-events.dll
0x00007ff859fb0000 - 0x00007ff859fba000 	C:\Program Files\Microsoft\jdk-17.0.18.8-hotspot\bin\management.dll
0x00007ff859ec0000 - 0x00007ff859ecc000 	C:\Program Files\Microsoft\jdk-17.0.18.8-hotspot\bin\management_ext.dll
0x00007ff868ac0000 - 0x00007ff868ac8000 	C:\WINDOWS\System32\PSAPI.DLL
0x00007ff8658d0000 - 0x00007ff8658eb000 	C:\WINDOWS\SYSTEM32\CRYPTSP.dll
0x00007ff864fb0000 - 0x00007ff864fe9000 	C:\WINDOWS\system32\rsaenh.dll
0x00007ff865680000 - 0x00007ff8656b3000 	C:\WINDOWS\SYSTEM32\USERENV.dll
0x00007ff8661e0000 - 0x00007ff86620a000 	C:\WINDOWS\SYSTEM32\bcrypt.dll
0x00007ff8658f0000 - 0x00007ff8658fc000 	C:\WINDOWS\SYSTEM32\CRYPTBASE.dll
0x00007ff864a20000 - 0x00007ff864a52000 	C:\WINDOWS\SYSTEM32\IPHLPAPI.DLL
0x00007ff868340000 - 0x00007ff86834a000 	C:\WINDOWS\System32\NSI.dll
0x00007ff8593e0000 - 0x00007ff8593fd000 	C:\WINDOWS\SYSTEM32\dhcpcsvc6.DLL
0x00007ff8593b0000 - 0x00007ff8593d5000 	C:\WINDOWS\SYSTEM32\dhcpcsvc.DLL
0x00007ff864ab0000 - 0x00007ff864be2000 	C:\WINDOWS\SYSTEM32\DNSAPI.dll
0x00007ff84c700000 - 0x00007ff84c709000 	C:\Program Files\Microsoft\jdk-17.0.18.8-hotspot\bin\extnet.dll
0x00007ff850be0000 - 0x00007ff850bee000 	C:\Program Files\Microsoft\jdk-17.0.18.8-hotspot\bin\sunmscapi.dll
0x00007ff867630000 - 0x00007ff8677a7000 	C:\WINDOWS\System32\CRYPT32.dll
0x00007ff865af0000 - 0x00007ff865b20000 	C:\WINDOWS\SYSTEM32\ncrypt.dll
0x00007ff865aa0000 - 0x00007ff865adf000 	C:\WINDOWS\SYSTEM32\NTASN1.dll
0x00007ff8059b0000 - 0x00007ff8059b8000 	C:\WINDOWS\system32\wshunix.dll
0x00007ffff3e20000 - 0x00007ffff3e38000 	C:\WINDOWS\system32\napinsp.dll
0x00007ff8579b0000 - 0x00007ff8579c6000 	C:\WINDOWS\system32\wshbth.dll
0x00007ff821470000 - 0x00007ff821492000 	C:\WINDOWS\system32\nlansp_c.dll
0x00007ffff3e40000 - 0x00007ffff3e53000 	C:\WINDOWS\System32\winrnr.dll
0x00007ff85d530000 - 0x00007ff85d53b000 	C:\Windows\System32\rasadhlp.dll
0x00007ff8579d0000 - 0x00007ff857a56000 	C:\WINDOWS\System32\fwpuclnt.dll
0x00007ff861520000 - 0x00007ff861527000 	C:\Program Files\Microsoft\jdk-17.0.18.8-hotspot\bin\rmi.dll
0x00007ff8510d0000 - 0x00007ff8510ee000 	C:\Users\Frank\AppData\Local\Temp\native-platform1759490383741644972dir\native-platform.dll

dbghelp: loaded successfully - version: 4.0.5 - missing functions: none
symbol engine: initialized successfully - sym options: 0x614 - pdb path: .;C:\Program Files\Microsoft\jdk-17.0.18.8-hotspot\bin;C:\WINDOWS\SYSTEM32;C:\WINDOWS\WinSxS\amd64_microsoft.windows.common-controls_6595b64144ccf1df_6.0.26100.8115_none_3e075c82e3354f9c;C:\Program Files\Microsoft\jdk-17.0.18.8-hotspot\bin\server;C:\Users\Frank\.gradle\native\68d5fa5c4cc2d200863cafc0d521ce42e7d3e7ee720ec0a83991735586a16f82\windows-amd64;C:\Users\Frank\.gradle\native\e376f236ea51e6404a007f0833ffe2c6e607c4080706a723a18a27aeea778392\windows-amd64;C:\Users\Frank\AppData\Local\Temp\native-platform1759490383741644972dir

VM Arguments:
jvm_args: -XX:MaxMetaspaceSize=512m --add-opens=java.base/java.util=ALL-UNNAMED --add-opens=java.base/java.lang=ALL-UNNAMED --add-opens=java.base/java.lang.invoke=ALL-UNNAMED --add-opens=java.prefs/java.util.prefs=ALL-UNNAMED --add-opens=java.base/java.nio.charset=ALL-UNNAMED --add-opens=java.base/java.net=ALL-UNNAMED --add-opens=java.base/java.util.concurrent.atomic=ALL-UNNAMED -Xmx2048m -Dfile.encoding=windows-1252 -Duser.country=CR -Duser.language=es -Duser.variant -javaagent:C:\Users\Frank\.gradle\wrapper\dists\gradle-8.3-all\6en3ugtfdg5xnpx44z4qbwgas\gradle-8.3\lib\agents\gradle-instrumentation-agent-8.3.jar 
java_command: org.gradle.launcher.daemon.bootstrap.GradleDaemon 8.3
java_class_path (initial): C:\Users\Frank\.gradle\wrapper\dists\gradle-8.3-all\6en3ugtfdg5xnpx44z4qbwgas\gradle-8.3\lib\gradle-launcher-8.3.jar
Launcher Type: SUN_STANDARD

[Global flags]
     intx CICompilerCount                          = 3                                         {product} {ergonomic}
   size_t CompressedClassSpaceSize                 = 436207616                                 {product} {ergonomic}
     uint ConcGCThreads                            = 1                                         {product} {ergonomic}
     uint G1ConcRefinementThreads                  = 4                                         {product} {ergonomic}
   size_t G1HeapRegionSize                         = 1048576                                   {product} {ergonomic}
    uintx GCDrainStackTargetSize                   = 64                                        {product} {ergonomic}
   size_t InitialHeapSize                          = 130023424                                 {product} {ergonomic}
   size_t MarkStackSize                            = 4194304                                   {product} {ergonomic}
   size_t MaxHeapSize                              = 2147483648                                {product} {command line}
   size_t MaxMetaspaceSize                         = 536870912                                 {product} {command line}
   size_t MaxNewSize                               = 1287651328                                {product} {ergonomic}
   size_t MinHeapDeltaBytes                        = 1048576                                   {product} {ergonomic}
   size_t MinHeapSize                              = 8388608                                   {product} {ergonomic}
    uintx NonNMethodCodeHeapSize                   = 5832780                                {pd product} {ergonomic}
    uintx NonProfiledCodeHeapSize                  = 122912730                              {pd product} {ergonomic}
    uintx ProfiledCodeHeapSize                     = 122912730                              {pd product} {ergonomic}
    uintx ReservedCodeCacheSize                    = 251658240                              {pd product} {ergonomic}
     bool SegmentedCodeCache                       = true                                      {product} {ergonomic}
   size_t SoftMaxHeapSize                          = 2147483648                             {manageable} {ergonomic}
     bool UseCompressedClassPointers               = true                           {product lp64_product} {ergonomic}
     bool UseCompressedOops                        = true                           {product lp64_product} {ergonomic}
     bool UseG1GC                                  = true                                      {product} {ergonomic}
     bool UseLargePagesIndividualAllocation        = false                                  {pd product} {ergonomic}

Logging:
Log output configuration:
 #0: stdout all=warning uptime,level,tags
 #1: stderr all=off uptime,level,tags

Environment Variables:
CLASSPATH=C:\Users\Frank\OneDrive\Escritorio\DaDosMagicos\DadoTriple\android\\gradle\wrapper\gradle-wrapper.jar
PATH=C:\Users\Frank\OneDrive\Escritorio\DaDosMagicos\DadoTriple\node_modules\.bin;C:\Users\Frank\OneDrive\Escritorio\DaDosMagicos\DadoTriple\node_modules\.bin;C:\Users\Frank\OneDrive\Escritorio\DaDosMagicos\node_modules\.bin;C:\Users\Frank\OneDrive\Escritorio\node_modules\.bin;C:\Users\Frank\OneDrive\node_modules\.bin;C:\Users\Frank\node_modules\.bin;C:\Users\node_modules\.bin;C:\node_modules\.bin;C:\Program Files\nodejs\node_modules\npm\node_modules\@npmcli\run-script\lib\node-gyp-bin;C:\Users\Frank\OneDrive\Escritorio\DaDosMagicos\DadoTriple\node_modules\.bin;C:\Users\Frank\OneDrive\Escritorio\DaDosMagicos\DadoTriple\node_modules\.bin;C:\Users\Frank\OneDrive\Escritorio\DaDosMagicos\node_modules\.bin;C:\Users\Frank\OneDrive\Escritorio\node_modules\.bin;C:\Users\Frank\OneDrive\node_modules\.bin;C:\Users\Frank\node_modules\.bin;C:\Users\node_modules\.bin;C:\node_modules\.bin;C:\Program Files\nodejs\node_modules\npm\node_modules\@npmcli\run-script\lib\node-gyp-bin;C:\Program Files\Microsoft\jdk-17.0.18.8-hotspot\bin;C:\WINDOWS\system32;C:\WINDOWS;C:\WINDOWS\System32\Wbem;C:\WINDOWS\System32\WindowsPowerShell\v1.0\;C:\WINDOWS\System32\OpenSSH\;C:\Program Files\PuTTY\;C:\Program Files\Git\cmd;C:\Program Files\nodejs\;C:\Program Files\Microsoft\jdk-17.0.18.8-hotspot\bin;C:\WINDOWS\system32;C:\WINDOWS;C:\WINDOWS\System32\Wbem;C:\WINDOWS\System32\WindowsPowerShell\v1.0\;C:\WINDOWS\System32\OpenSSH\;C:\Program Files\PuTTY\;C:\Program Files\Git\cmd;C:\Program Files\nodejs\;c:\Users\Frank\AppData\Local\Programs\Trae\bin;C:\Users\Frank\AppData\Local\Programs\Python\Python313\Scripts\;C:\Users\Frank\AppData\Local\Programs\Python\Python313\;C:\Users\Frank\AppData\Local\Microsoft\WindowsApps;C:\Users\Frank\AppData\Local\GitHubDesktop\bin;C:\Users\Frank\AppData\Roaming\npm;C:\Users\Frank\.dotnet\tools;C:\Users\Frank\AppData\Local\Programs\Microsoft VS Code\bin;C:\Users\Frank\AppData\Local\Programs\Antigravity\bin;C:\Users\Frank\AppData\Local\Android\Sdk\platform-tools
USERNAME=Frank
LANG=es_ES.UTF-8
OS=Windows_NT
PROCESSOR_IDENTIFIER=Intel64 Family 6 Model 126 Stepping 5, GenuineIntel
TMP=C:\Users\Frank\AppData\Local\Temp
TEMP=C:\Users\Frank\AppData\Local\Temp



Periodic native trim disabled


---------------  S Y S T E M  ---------------

OS:
 Windows 11 , 64 bit Build 26100 (10.0.26100.8246)
OS uptime: 10 days 13:54 hours
Hyper-V role detected

CPU: total 4 (initial active 4) (2 cores per cpu, 2 threads per core) family 6 model 126 stepping 5 microcode 0xa6, cx8, cmov, fxsr, ht, mmx, 3dnowpref, sse, sse2, sse3, ssse3, sse4.1, sse4.2, popcnt, lzcnt, tsc, tscinvbit, avx, avx2, aes, erms, clmul, bmi1, bmi2, adx, avx512f, avx512dq, avx512cd, avx512bw, avx512vl, sha, fma, vzeroupper, avx512_vpopcntdq, avx512_vpclmulqdq, avx512_vaes, avx512_vnni, clflush, clflushopt, avx512_vbmi2, avx512_vbmi, hv
Processor Information for the first 4 processors :
  Max Mhz: 1190, Current Mhz: 1190, Mhz Limit: 1190

Memory: 4k page, system-wide physical 7934M (585M free)
TotalPageFile size 23001M (AvailPageFile size 6M)
current process WorkingSet (physical memory assigned to process): 377M, peak: 532M
current process commit charge ("private bytes"): 912M, peak: 938M

vm_info: OpenJDK 64-Bit Server VM (17.0.18+8-LTS) for windows-amd64 JRE (17.0.18+8-LTS), built on Jan 15 2026 18:50:45 by "MicrosoftCorporation" with MS VC++ 17.14 (VS2022)

END.
